284.2075503685838
298.92147089097614
282.30270117349164
281.56320311938396
321.7029142186017
308.741930812667
334.6110457950956
325.4753387908122
289.4383882131487
339.8937111365769
323.43920749030366
320.2429116111331
349.1401628269603
281.32717864968373
340.51347043498345
286.50704993539847
285.89577263039024
308.01642087580115
317.0357482311084
286.9909234507778
305.14370857734576
299.97814762303113
280.2445091942536
342.4651437258459
324.01478972974746
326.99493208608135
337.235136103163
339.1198020217551
316.3821624165914
327.1442187838308
330.432203804614
319.1813575716953
330.55932980233746
305.5722806248274
298.9978264744957
314.1795529632147
304.4194477231988
329.5182599305067
322.2499209982441
320.52678361621906
306.82308817429544
301.70766136458707
301.3163955887776
281.6402704487955
293.0134247846204
283.05930945759746
330.72048531725227
304.56603228415014
318.99281915413536
317.39527735898855
312.7728082125066
284.85638332975924
328.1442673715682
319.87436168503524
346.3793589591191
322.1069245575969
342.46612095456123
315.34977429831184
340.2678824060441
333.2362605090701
312.8635331736046
336.11756534053063
311.4417677358033
290.110780386906
335.73837649608305
333.78790787969194
315.288435239872
332.891169599408
332.9073995380976
348.9105138691311
331.6970314335347
285.5527271323715
325.4980935023761
341.16653282338115
335.4699283746942
340.38740289338597
288.21207614151473
289.92719091790724
330.7393232371511
306.33463607767135
303.1796304691338
293.81089184357984
334.72566093181734
347.4890072136768
326.9807319035656
304.44999186947547
286.02446471928596
293.8045528030639
319.2331547568986
347.04626394610256
295.312377290461
302.4692745597226
335.69655968234787
348.84233898909497
314.89754495712845
320.8459990734498
305.44396498750905
345.2505845632084
313.7911271190263
297.396977922835
339.082801937388
280.1074432026757
331.4569150135074
288.2851836554853
296.5187990598082
320.1340644521614
298.875848667833
296.1000096130182
309.20153544267015
307.9637393429018
336.4603792108062
341.55605961428387
339.7521876234137
327.1003219404788
303.7199861382261
303.0415693904405
307.5986452587253
292.60993796545733
303.16085818390434
302.94857532902057
313.78127830970504
334.8034097709968
332.6303703758409
307.23818031837953
307.99055679071483
290.21506269397656
331.7545899416634
291.9709231461326
291.3821962315092
286.0245568209309
336.4260866522013
345.5389451929337
318.6694363171147
345.987695912723
337.4324469274446
347.33014197788475
339.65560269081357
331.59696474407497
336.2017630518935
316.3426162697803
338.2093110564471
339.3904945838959
286.54271779449454
284.7652228922358
332.4103319521422
280.433305100843
332.50014289887065
346.5288176436268
295.052926454787
340.9817983157035
321.3662551055528
331.7656536077549
319.68639615818853
283.8612196850831
338.49704777764424
301.3139144494998
344.2613412369189
345.752333872151
347.94489829965624
309.33480371808423
304.8344891219594
318.8559318738976
325.2499838656441
330.08500752836045
308.3730780920454
338.890367803657
289.1172708039492
310.44740045452363
314.5735683351778
282.31813344168773
283.84935881380716
296.0435894996025
313.50322505013617
325.66496622022714
328.61839190590723
335.78615855282493
344.4520584166744
340.51506392505337
325.20749627371185
348.48386636502573
282.49624877105856
338.5784908191662
288.0471727567882
289.19699444230645
346.21749526239375
340.21538638528665
344.13772439696993
289.7874155887735
321.74451336971515
323.21770716278087
310.6634048927378
325.0253449796572
304.1891000449772
307.1696483851775
305.96333058834335
282.3460056824331
335.9505138894183
337.1264696645928
337.4262640827548
281.2622335310425
280.0406416154566
341.5911354764857
287.14025649635806
344.8645159214315
330.07544725461634
321.24135128200936
302.82829706122544
281.1185754927602
328.4798857955249
330.4045243490872
289.5156051009261
312.603423626699
295.77450201410676
310.8442061941206
330.1989698657577
327.36251546842766
289.7822744798526
291.6481846745835
332.2758882426452
305.49298963074676
311.8528180006821
285.12466161309897
337.66364618151675
293.5127422239973
314.64763286150816
286.40396868652863
295.24656754020396
328.714665416013
340.7556843523003
325.8394930956253
301.0084821788205
317.6464913466271
326.5417547167233
330.32085299022816
297.90516007724233
346.6044822498295
317.529346936225
307.9592626400493
284.2128098433066
281.70492513930253
292.89557996984246
313.66802150637494
288.36296117263663
289.3261896145956
341.6981905172343
306.32086420896724
328.53930095155795
324.6669979467388
345.22932699499887
282.9174863011661
289.06323221958985
333.41995633564756
333.2597895892567
332.56297778403666
292.08638924683487
321.2894899548844
329.06937680070456
308.0745668099076
298.4833762244937
292.5377109123283
330.6002858274082
326.4983460054432
338.75506653233094
295.56348887040275
340.7999308678542
280.47425110423904
285.48868983438325
329.7383405628698
295.7795410958988
305.51931100743406
306.63310078057003
293.54004695205623
344.1603591651418
340.8988964976244
320.83714679791274
313.1335491118974
319.1859877204866
322.1696588463505
299.1089623660012
306.36429250471093
328.3198702418783
310.5220063534404
317.38316806374587
335.29593841051457
318.67845471913995
311.18752946077797
341.21659652880516
310.22777263513547
325.2245941054162
335.51814995830955
288.4747237611114
308.7580292677818
328.0190182349775
321.81536774451666
298.3176174500146
289.9945969444926
342.8112049495903
337.2811659735469
303.444066914903
284.6920666593056
341.7490767474562
283.5925857145215
313.9792798541424
316.1983861924332
314.2666124588532
342.1041303189048
330.45684245287634
307.0720619720256
316.20320988763706
331.3267296063537
346.3515079311246
307.44392159335393
308.28358119512353
290.2095201950559
329.9067820285329
323.6852706592167
294.16549542279836
286.27984217579973
312.11977704980484
301.69292217184943
318.65586483758966
296.66247507319986
293.084046633823
291.68139149076273
340.7474719117044
346.36503548682276
344.75072508699077
317.29195078802786
294.1627796106914
295.3500381489876
293.6880599320588
336.5598640503294
313.018055379559
286.50074076373767
326.9833753392784
305.14530816320996
345.16093094000627
294.9035120511034
280.0542301784205
341.7980296635133
325.2797119445774
326.8847255563743
282.348099790905
336.09745725931964
343.93776813223667
331.27500352323875
322.39838146388985
317.05064673395293
344.341602288284
299.6228539628681
333.28311893461057
319.02193261546756
312.07973161899645
321.00875170127875
342.5335204701392
326.8368807991135
344.3396154224597
314.03218979606083
298.6312196761335
304.0197158683878
282.4239131482992
325.81019273266276
307.90855907732123
282.24575703451177
315.770781426727
287.660799162182
331.192656805977
313.58472254306247
322.1433312751352
330.93030728670254
316.77606837121914
338.20423485992194
331.7390723348791
311.62580990809397
283.894383490619
329.56060276460164
293.6423336651276
322.3733642864111
336.1956875283257
304.38260127160316
288.9106800327202
322.51133841508283
285.07581226986844
291.2756068665948
335.92435441231333
332.14405947000677
281.8905110199165
347.5458063391777
307.829704900991
307.1058805241536
342.5941027228816
345.2192423361346
284.5520788157701
335.0850024131568
335.33280246033786
344.8780379274674
346.08203953689497
332.91463403575466
300.6642157417963
286.57401555908496
346.76810960413866
327.82777064792435
284.26792922072366
327.08213665632104
320.51046939882957
295.7521308987191
303.1697779970117
293.5358815364971
349.87631039500127
328.13362600344317
294.69827296336115
290.5535225036261
323.71048581835953
281.5283273424021
302.95536642074086
340.07446794016454
330.75655546939447
322.96385873218793
312.36945261611163
349.04940436880634
293.5562367347661
345.9980553348455
305.4259344348842
281.12175326667915
331.3037979536213
325.3628904741026
320.30289216849474
302.9973731812353
316.01054890913366
287.6705207719202
283.6266818198275
307.20649842831
289.0180389701698
335.27603617512744
280.23436481070496
348.10692097344145
286.8747138062541
323.22744312457604
296.6396570714439
299.1564762246571
338.5791628400573
324.82368455209206
309.74587936700885
314.9932171886138
327.25453848861673
314.3178564394818
284.4895190144828
311.6842814952675
328.92029849111606
306.13444397806654
331.359146555118
292.4398548342598
293.7160091752435
310.649012271994
347.0578456342246
284.48203604516476
296.08189746632115
288.27612559484993
330.64331020241946
300.26196019821344
319.54418434378385
284.3780099186231
323.7944844403471
327.32873979335096
335.02757637622324
286.837614314573
343.42477390052426
332.0853043292701
329.19183885192916
284.6135931737186
324.80558020945386
302.25953061602013
315.1129570987301
300.3615035172643
329.51084219957363
301.80785295651253
338.51317565269915
337.29933417461126
341.403570802503
347.5249957336466
311.8644812597727
314.11513089843294
311.34978771472834
319.3071062292873
291.5582041912576
339.33383986248805
326.58823906721165
280.9431608691709
307.4775839155573
293.72748830434455
293.3248318053222
344.8628303603933
290.5540302277807
290.57021546046974
323.93845454468703
336.1966379679452
349.339682570515
304.116531948665
300.2181256025393
312.3356076097154
292.79197677948196
296.73848321846816
288.2076897428264
346.89081422151105
329.6683125076558
345.86433163386107
327.0166613827042
323.62856559201833
329.8223698580278
329.88417769843477
288.28493571428794
333.1028302662703
292.73277425374147
326.2063673718981
347.73396044996946
327.12217700381046
299.56611897399785
331.4272094502035
301.4148683388854
346.1720057336003
316.19036226397657
319.6276054761013
311.4302224653856
349.598692008291
317.51142458819027
321.6088738580526
305.44248023888053
327.96851528805826
324.7788916896985
297.76353233427767
288.0415026563284
315.7842863861966
285.66401804067397
343.5805747843404
304.4533356170666
341.1666698001925
308.2199601329819
342.4288674218275
313.1651595881258
312.7745324486078
307.16124780713596
310.1246595174366
307.16851743498904
321.95938264917936
334.1063063809619
285.72351211846984
327.9431780387971
285.72760232125825
288.0709082807989
308.9565540015045
309.3832705231648
307.6687954451059
307.0388997495366
287.4399073551426
334.99317704338927
285.73810807951685
332.60965196176517
286.38161691999034
313.6172448773144
313.4594212604743
338.42202415893365
307.27106054668474
281.21459334980966
281.0541676619426
294.94323521144855
319.4622450606005
340.7916066508799
306.01734658891814
294.8788451435508
298.8191362901921
305.25720630445244
282.2814241794204
285.03703718801023
333.31109238480224
332.8995773450022
296.16514897878534
281.0836467776669
329.38080496162803
313.9467064307082
346.9611084521043
305.91406499303247
293.340599430087
304.46551428498617
296.96055968900964
285.0944516337124
338.69269276391213
312.5153020553957
344.8281381776856
299.08306859487055
307.5791469944831
345.130458571409
346.3506016343332
347.6179307343507
280.40097614809446
332.49644482676865
283.9542496552191
323.6469127136222
306.44859389976887
321.4271081623857
311.723213021506
346.6834888756278
286.6514541316028
289.71756356996707
313.1288098955038
339.3268285631041
328.9102265726359
336.81710747493605
281.2279706372875
340.6927476865871
349.20418383775393
346.2994574894928
330.1683870508563
338.8876896818751
281.01727774279595
318.4429802990889
346.03010614318003
294.0812493610096
336.0094798666354
280.0594103823076
282.74041295083083
313.1574824202155
307.5832624242657
297.9975804444692
310.7697553959208
300.94620389064227
288.12547922314593
303.6157230504989
313.66513624430416
301.0459216676793
285.06485518670155
291.2787799709104
337.00291619769155
280.86203466018947
342.2039490218012
311.5889948881276
336.016611776191
287.89342908693646
302.6667126681824
324.70248411471005
344.39311572397077
332.29345173242643
330.8422292356804
319.75517466718446
348.2191592631659
322.17659955090437
300.0889031096599
281.8605117038847
330.3640138975544
324.00301341548624
294.1631897701678
288.0445721370926
316.2267611805615
333.6928157563498
336.93231353679715
325.0003390400593
333.15270138834904
300.7866079733561
310.5672656829236
331.12803523844985
310.0863315515272
295.44223858915
288.2413108014525
332.2489039313661
309.85796584414896
312.27190588404386
326.34593786132103
292.4057891177883
313.25511536822506
315.7654770222178
296.4007640806813
335.46010757807085
303.80095741862624
349.84279956195746
291.42699077394457
328.35220228845384
322.1788146530182
285.7423695467744
349.8066104559491
330.10930597153344
347.2568596428421
299.03047860361465
305.88095929200136
312.58706354642436
287.3929501981025
320.56841049777347
280.7123933093481
329.9274166793599
315.02227401720523
313.51604084444153
303.6913612555664
331.3011064158619
340.31352379657136
287.24516625818444
343.47117710333816
342.21601499043146
311.8732194007189
295.13094633304985
330.30519516390183
330.67932142240795
345.61165913296526
303.9575867507046
284.9719764328703
294.4311859336783
316.1220522407965
336.29772814052956
331.7321796385768
325.60241864461875
330.8274977518062
329.42288255592854
341.87394552598425
335.33557786294534
344.2062139795711
310.4960397181528
349.06787719720074
323.8759084296362
348.7014560448944
349.2020050864379
308.03359869467175
339.5725158024495
307.26142020313205
310.8282063215594
299.5171777618775
342.3248992716101
300.7318439638316
310.7734379868887
324.5274695769772
297.7466273013296
326.3383186002963
316.88312731833105
295.5913830515247
334.7297079256831
298.07337014384785
307.7050046239339
324.74731545997753
299.25689608549965
334.0638466946609
305.16922998638796
342.6104910254094
314.4222089744632
344.81681859713484
304.6104237171289
304.7478854770965
287.13138054452514
348.68224161407124
341.1366843610541
345.3793653826022
318.3160200888901
283.03230344445603
317.5741864693738
287.40425669567475
307.4548917693568
312.51472290368116
299.96658496371003
281.49572719993796
312.2365469890965
324.7464007404395
320.88472244691684
320.0131577238136
336.6659713714697
283.5911231418484
297.92047231193027
349.5612427448774
284.0977920953282
298.96442211718056
300.05847145385025
283.26228525172303
288.38414053640525
293.88380431646056
326.2251569402963
290.94144375187955
348.6338891628179
335.8143315733184
324.48139602702804
319.26161267715474
298.1614951525992
338.1671106554834
308.16017658922385
349.6760727463624
285.2489298449552
308.5550271634354
332.69263869477686
338.85481719041115
322.9507835833912
346.08246344077634
321.9171187709512
329.73101255587204
282.70971460622263
314.90926951910575
293.325828536673
306.9817251103962
348.9966887110977
313.57829888317514
307.4703246106637
304.1575676283326
338.25638491879346
345.35548436658615
285.28012515292113
321.1847001135086
333.8799842731961
331.98928617987383
282.77127925648944
328.57429002860516
323.1361632488136
294.34054434455913
349.8419561660836
317.5778592753218
342.0929476445266
342.66231222380867
306.52991144332805
308.62065388283963
333.13082815513997
307.119484849523
303.22431930986613
343.6132758981261
296.58120124355816
280.14063384017226
315.01128245572363
325.6646573729602
332.1758570034072
290.4412677563936
324.0798859625466
314.89219147907716
346.62616552906815
303.7565776516158
312.1371228741191
309.80300369519307
337.50931167785194
296.42446536883733
320.4080646553484
294.73357165715566
286.00214412259317
321.17332372203816
336.4924906435703
290.67300559526467
325.3285222938807
309.16039547771703
342.9519740816312
295.78369953829434
282.5497992343803
334.8781596938767
321.8535641822743
332.68925111692084
300.1817606981254
338.5616198350724
310.2345486260016
280.1650430336784
303.55879245507856
341.7018450946068
305.07909494590785
345.70643922582474
299.86775270012805
294.5353868846109
290.6165724251107
304.541358196176
326.9236580794502
342.13711926914647
336.7438987516247
281.26952717621356
304.9073310662269
329.5607153487637
339.42733774372056
312.241957376992
314.3703064129188
283.7643494668126
315.6328364940117
291.0073338849625
309.4114851133201
342.842778919207
285.26796340677197
295.2371664199278
292.54572339683597
292.18497299371217
315.61725640181317
292.0465404484157
320.85928704523207
281.17683592955296
293.0411556048243
287.57816414281103
339.27613349986945
313.5525155888004
306.77023520914173
349.8439222470013
306.0186436663919
302.3640541140638
317.65963081315164
284.1944465453861
345.87112081818464
320.5846184163796
293.1805919817885
303.87229734031337
332.44023992028804
330.26186511249335
337.09568823379266
314.33219194477556
293.6551512193539
304.55595005845896
302.5639343812437
320.6823203909206
330.29853501351994
297.1030813953185
282.47680848237474
288.0045544140615
297.95019723496915
323.4141996190254
283.96427527604214
284.37066902963886
295.06023436328707
300.7631355235696
348.313905653646
345.73068976639695
342.7924652933573
307.8933829014127
326.5906142377133
307.304784188483
303.8987765991398
330.525524143021
313.68967909757225
340.4190993249249
319.2777462944469
315.1583268003266
318.06549344616184
315.3849818663349
303.9876573071312
329.15590823014423
291.63259302524625
329.7591505665134
302.33595292760526
311.82451353289196
297.23781745528584
307.7444401053283
303.45090332161203
298.1119761412119
310.4909044940905
329.0396182039181
299.4911956354279
346.7969245344332
312.591204397489
283.28499709192806
308.95473688908373
291.059057458336
288.36162920891996
342.76297998846235
330.6664678682156
294.01597355143736
331.756918645635
291.24876847123596
345.1118267423587
331.6846831483558
285.29722328784464
287.72697689716233
292.9047380355421
302.89372394083637
316.40926107450844
338.44651009669076
338.1836282130306
304.68407956382134
331.2445848016751
329.12858044808536
310.181673007149
349.6205446861455
322.80809271078977
308.463543500251
299.49671594725385
280.0800084614829
299.08127183056473
284.28881883609705
298.4404605808854
290.6994697965284
294.7139557291103
344.3249553682105
322.59533023677307
306.2244640285417
295.78183448876115
295.200239954023
285.858250429396
313.4915582909689
282.69926375515956
334.10383224077003
303.3647183630784
280.76204362066335
313.3211220701629
343.40354215729917
322.68344028145884
344.659025370136
281.13966826597056
298.1764763340465
345.5598895826825
293.1995110575295
300.96455767452204
304.65342982103846
316.0379978842627
303.2834987980683
328.6850218983134
290.8908701907757
294.56523487890456
283.1088603440033
336.60091511875726
334.39890658807496
291.18057561134515
283.0218586555004
339.1549502552074
310.1364648022344
320.2944409657623
311.99486975636836
304.9683166033265
298.81766997706046
311.2227568073646
287.93373790931105
296.639648793946
349.37595134371446
309.231891705689
285.3128648036157
283.4358341212864
300.91018623006426
301.1450101367106
306.1971095277241
345.84607674381095
306.7104338488012
317.5938447218565
309.2783521629817
312.7924914784379
333.02128140213154
342.7146568773381
315.4294480085723
293.5168584440675
314.7149839644594
282.96600017889887
335.76355545005373
325.797669459611
324.22036986334456
307.589393367335
341.21186555526253
302.193928769214
348.9619155042201
327.515107873606
336.3870101158827
292.7843961636422
322.2060441477047
339.2517224473053
282.97591157037533
311.097474883906
334.21212266420383
290.2058082068412
300.2771968187096
344.9767672601166
305.6226521160521
282.2509770733428
331.09817808443574
282.3373739938834
334.21446045156216
280.1756303624857
289.6198895740868
280.1735345328928
339.1408569078804
291.2241555682544
327.68257452856926
287.238319002316
341.05671084231994
346.08063833392265
310.40983963178184
319.2994956985677
291.04843148032006
299.2382694140016
321.03905319051535
308.75361688285665
297.89793617486896
314.6035489112782
293.3977791241465
287.9553402654562
283.1583730127023
315.0931061153245
345.40229225067674
337.827850439779
309.539903969235
306.3860452482512
340.3006951895097
316.4651450056099
291.8886953530211
295.95273549406215
282.45560332025275
345.7824264413996
314.4601236098096
342.8873467987108
326.18163154199186
305.8980521158544
341.54846218602273
302.27337582964907
327.6444047247515
288.9568488780005
304.72705673533034
281.2127564917514
337.3954426740266
298.6799627882019
295.08164993274505
339.3492849114945
325.91754173809073
317.53183211497833
313.04827611821327
299.8316310129494
313.42177883783603
343.95676916184516
330.7008141209968
295.4908228570609
328.9027434853788
330.0704606932746
299.22454738334693
316.58828419010274
330.3575768748226
325.8225485117911
293.9951734489475
328.6149328990789
324.7251955192452
348.10018947996025
312.99526474719335
337.58282890376483
299.3851277704811
307.19385486487914
286.76002982945977
282.4427894473401
317.8421291980006
331.6963365854127
331.6130387690318
336.83143441711616
311.7358604213346
294.3098092756617
327.3488880922888
345.0771539092013
307.90013058801543
295.92277239690173
329.04419133712935
316.42033411846165
331.69090578332543
314.2545220443393
300.82577878132014
314.7289983291025
340.30638351468707
339.4136681329676
337.6934603514434
280.1890609729079
318.7612419034887
341.1659105530032
326.24251264847015
324.6554353254289
294.5064799637055
337.4029236680086
313.4479326830287
281.1667170655895
338.9261622212932
293.29602987357845
306.44022765775134
348.4684601690103
298.2866870695871
308.86461662181335
336.7983678354217
347.31020312357174
314.7686333043333
301.55493565913457
291.5400388169514
346.23215353583805
286.82005981015504
316.67585804077976
311.5760351008099
310.8976555444516
322.5525798777591
301.6991979086424
284.97250280377153
313.9593210675274
281.94936707013136
314.99085355095906
291.4415230081433
315.55679259588595
293.39678720483397
341.173814039192
307.2943156075567
289.57816868150195
349.5868197079987
283.12127229328473
338.6870015486178
322.9455824304475
332.0063863773745
281.38454594955994
302.31807654692227
287.1318939310557
347.18042168123384
349.8757713070499
307.50099992740746
337.94234594809603
344.0863232176964
312.7230771436087
306.2610685985855
347.94868797097405
285.522716317568
296.216490668254
300.13833082901516
311.0107094922422
345.9382149795522
344.830183208109
286.1718704825341
332.5349316698591
344.8014780367091
321.2288753470392
338.173509453718
345.7806927344363
291.0634305008001
342.0373651978765
343.7243273273445
312.85927062233833
345.6727464446025
286.97236346990303
288.44283735873864
331.75137683837573
330.0092734855052
304.38913542398774
283.862053708542
310.9607336926772
316.94878602775805
299.8686898538767
305.240192597532
327.29727348014154
311.3774370019854
322.19644574446124
331.67277407927963
314.52527197903385
305.22774818159445
345.2280199581131
310.00437626954584
322.5118946371297
312.9676074573796
325.82468849129896
305.6468869631423
336.7276180746236
337.01588009931845
326.0608258690517
337.68418592310815
287.4351826818954
341.4020847095948
287.54760238472176
321.84929168486576
325.6196852653092
291.56446577745027
311.6309730260685
285.6075668793531
329.477713179192
289.56653889522903
280.43900130737944
313.1769460256616
308.51151284860845
338.6576302342846
341.33526068772017
315.50698506700496
332.5791217494472
293.7492014637219
314.48706747971136
292.51296719087986
348.5738353833899
334.8665110387168
320.5537495657304
307.8500640241835
340.2172412433587
280.0069501572358
338.6873991357936
291.0692239924674
292.90283060359405
319.99516098547633
328.5331835171081
281.2418271697799
293.91308593326556
347.57084570824264
329.56116599984944
339.71750602802445
301.5193943478756
297.4519761497023
326.1595808452065
303.4272956582023
281.4396370734497
319.8073254578019
335.80673487785543
334.0011316224028
283.1036108851174
342.1416853036269
304.83860685301704
326.54498152489185
335.6730378042897
312.11733755412837
311.78368126229634
296.7256721609124
295.7298153474322
293.5301517372109
312.44511040216696
320.45024279163636
330.33566317522065
343.3923442148157
313.04127054887283
331.99012524684457
337.3797487795852
338.98195002332125
334.36183464578403
347.17833826621296
313.60863584802667
297.36781960101587
316.85325113432725
328.37364962212
344.04399362514334
319.0399218527533
303.0473407035221
334.472195613812
288.7412952746733
318.0768650067876
313.9886646842783
347.5809773997864
327.52084936306915
308.18155238889483
301.9687179925911
334.84526688415286
321.08800629458517
321.6955737240159
310.6175745442935
344.3032827013588
316.39547456519904
349.96369652365416
294.9320666304912
297.41920237804015
287.9983396339121
318.9682624144121
296.16565731450805
292.50423454270884
334.2551907253572
291.7644650258236
285.50612049081315
344.8958705192756
289.812828321932
344.7574178472475
325.69446754090836
348.0704507005872
282.2127687520792
326.2738864879987
329.1480831538353
334.70436892358845
322.8546942338955
311.35782127828463
292.3243149225456
305.6497777644885
328.7580146205818
343.3176564966631
321.43084865284163
330.8547913002022
312.39001436432153
301.2921250965578
336.51634146997355
300.9801751370261
345.41584298921975
292.0350532033808
312.64194578171936
303.37917574264657
292.16167594696276
331.1759590487726
308.03894255002564
332.9695714029391
309.3969261472024
303.77200739976297
298.7777566486937
290.96400131937685
338.4264422698749
324.4967527625461
295.602568876843
325.4242789813863
334.72164970114875
349.37026910923794
346.9220185323632
306.9041192539741
301.422962660611
312.2714822745257
320.7184373283262
322.7739123498651
300.4808082389242
289.2440145988476
305.33604498038164
337.6692731749183
288.95316651535
294.28414852241167
335.1279182390509
303.10922696246405
280.2301549355983
297.65368049821285
318.86735754460426
344.54804311384225
313.8966203338651
322.4110236890185
326.0871404969196
327.2767952178744
281.01770645031655
325.17198094144493
305.54167688456937
303.064078224288
280.2095333159581
335.9269743668022
302.59603691700175
328.27323361329945
335.34883773590013
320.08010038815917
280.76537105150044
348.6503873635849
328.89798249265425
298.9194312794345
301.9144128576031
307.33644611990707
337.78567525965184
348.84903485615627
333.5765008154092
327.54314869348116
280.87008361020577
329.67800909202924
317.15446605251293
307.611426393408
344.1934829445937
335.0461756064848
336.2185816700481
294.390378921596
339.87511135976905
284.2068834492458
344.0187201652629
283.09582715331874
342.7457064738859
322.03696076909307
284.5875475715561
343.30948718930995
320.58860098108346
329.3850799503118
319.5998148331545
295.1586070212641
328.4643998888907
330.39702051559647
346.5225451732066
326.34934828127257
319.4267661531595
319.059925148258
337.16305411744037
334.98351920773456
291.47959936382614
329.9801465094735
317.10555728237534
305.51587450605996
337.27100907103204
321.92511659501275
290.43577499677497
335.27576579031586
291.4456948853891
289.3543961872184
317.3955661069876
295.8046169178732
324.30809367393476
302.09900309758194
323.491492184402
313.93719624929855
295.6046751659768
317.8161153543212
334.28054464030583
298.4786652685681
349.69586388664925
343.47407090200153
334.38426405061233
317.9380356112133
283.96204284088856
323.1329066824657
303.8573439371395
289.07805768073854
325.0397528579055
329.48115974327715
281.5179087740275
331.52102558232946
318.4508455123281
289.93176351351286
296.3805190831103
312.8893307936255
302.6177030505062
315.71687368789264
327.9004159139086
298.5568937223209
292.20567961364
332.0547543634884
343.81872274726356
337.4855772222671
298.04759655968684
340.6662319444777
320.75291559057786
324.25952360986776
289.4044907959546
308.18023685390233
287.2523535263292
317.47925578073256
291.35504019471637
334.26685247749487
331.7907929974866
341.67888449329337
295.718725201045
309.68536306180323
345.00415645464113
325.37221671441836
301.3843620868265
292.70522255398095
300.5593450948217
315.8686154188996
343.6339626960596
334.3639604619429
331.9852652624766
324.7519613695317
333.16374270590256
312.31452147520713
347.68972847661826
305.1990696832411
305.8488023950833
330.8237923471685
339.4428182936818
324.4067472703606
337.1156671036221
348.85802121576336
292.31533041298917
344.7081604756636
282.19672596533064
328.2392906533609
286.3888069250192
348.0770996461594
315.9944759506696
321.1228925818276
286.3961081108053
337.5531759794311
298.478232843093
302.0154201618326
308.2779167477586
299.70360829253366
300.8653515120522
284.1510683288205
337.8747693098764
297.6276848664171
320.13080404935084
288.49551202130993
340.0580066528597
289.89630224824094
320.9295587917536
319.1667689921525
318.1355886994789
306.1021053615725
299.65945331186407
335.3940221818873
324.48707017113014
326.66975407929857
330.52401111571146
292.8712289789714
311.49705020327133
288.92001804734366
287.79016145840075
281.60102199095815
306.4172758688
281.9949359257852
291.7378709325191
311.84068382964387
294.31290516678365
300.2657482461036
308.9528883461299
287.34409030535176
297.9902804413409
322.9807478144344
298.455869068144
329.35414226952975
333.43041817464183
303.5140097479962
314.329260205277
342.8194498490011
324.3715541061338
327.1319281978818
342.3332130374916
341.74317442375957
327.37189171986614
297.3607086168437
318.4431745865495
304.53359883131117
335.01761149994434
349.8525666382742
296.4547469973891
324.15670377107267
348.2620321414236
310.65728044366426
322.20212528981426
343.7450960555978
305.14192118458664
343.75082135364664
294.9965117923276
311.89587513636053
284.12937726640183
343.34600801034276
295.2837200023376
317.56327036247023
315.65359617908814
288.9980492354731
317.47845616387156
329.6316032740117
292.99550629668585
283.7874223713129
339.05064323923693
323.902605969626
294.7586514321974
337.85361349572355
283.0728057109257
296.97240139622284
332.6616182405377
322.8357439134995
289.88578435549545
340.58475249785226
334.59425214417627
303.5924971893248
347.0249211017449
282.393090291431
332.8994035814161
304.56115352117615
297.51510887746736
349.889462954724
339.35986321041975
318.8809617682415
347.92811829450784
287.4875711446636
329.4461846475267
343.71144416906776
347.0257271185108
349.40518280714554
326.2151813033731
284.50386169425093
349.3773344520001
317.0622078293354
344.584674613249
331.56944247868705
345.12639106732155
299.20798017681966
314.9167390876464
324.6494921772693
298.0034480605009
311.9284301072082
287.8270061676435
316.5536695840203
287.26348978920385
301.1249359909706
318.7773564190533
290.85391314188394
301.6573117331825
335.59076307641413
306.26086743445615
293.4226967492381
314.727633946316
307.58823986334016
297.5194490277165
285.0164623541002
283.2374860339047
337.17629926943204
289.94125195391587
302.02774036355606
313.8464410781384
304.79174099746103
330.4850923287123
328.7074661064986
341.57652072290625
349.9081740278049
317.22564363498964
292.45328574137284
299.34885003823524
315.2247247129375
305.52466606108646
318.1170669037403
296.7658677612695
308.63828741087355
329.2979465154016
346.64454628658603
332.93351008820497
305.4281843093527
282.80720259146534
340.45127971844653
316.99704695727604
307.40724454067947
316.93551677692096
327.41845198554984
322.0711299527337
349.39608589339616
313.1190295273819
336.1645608366958
343.1800519031965
295.1456137950318
349.7191764140712
318.93583316940425
299.89278602380506
287.6982666721634
346.83789890865177
333.68184464009823
319.2385679601626
286.5706861390693
326.21861586781773
325.0139128004884
307.83056626037165
345.3736886275989
286.4033823019771
292.3478510995053
284.2831070934446
286.51744121530584
283.8605669920669
280.11785342105367
339.31181489725384
328.4461908519473
342.8344841005555
346.11473676112234
325.8200221756763
298.0391426160335
291.6804991676434
339.7016572159594
294.5864658727954
294.4425553088116
306.85667259399276
338.52442356138636
287.82628088215034
310.65349018303186
347.8884297296597
319.39380537655416
331.468083273389
320.56410597777375
338.8954794502348
282.03288653667454
309.3732775047448
335.86615771948294
280.3992459249805
292.68155571801736
339.93284019613037
320.1489124919971
309.6989094524308
332.21295450995865
291.78039883035285
311.68321799407636
344.7736980415409
321.5740487552913
289.5912048549516
285.4993887989091
300.8689679746141
303.64495179586254
293.8150023366486
293.41503669225534
345.90259817261807
310.8713914116358
329.3252686248158
280.586706970398
281.7436517665239
324.38662315340844
335.1807600412777
317.6938777601313
316.25651301369084
349.0825479330372
340.36969914539634
342.887004309831
332.38900816787765
333.0797760201931
327.2734015220023
299.5118797057273
324.94102010041803
320.2766064389399
306.857630921819
289.33220701234086
304.57559177217786
284.02883878658383
311.27573180403925
289.21483399910244
325.2984723112435
302.9963954801986
320.9713257147651
290.0977003392436
341.9987495139167
314.5424748495778
342.1751487518809
343.1115783823555
299.80759131245134
338.4209281486831
336.14144129777503
280.4884415154206
335.07553468980825
345.0197575717594
286.4339809212586
321.7838170309757
347.699644572244
319.9618122208708
331.99401217011774
305.46898550340916
286.83763569692815
286.79321561763237
287.3692430574342
343.93706281009685
345.6910431587681
280.86096232306477
284.2526821229144
289.4335308733319
295.94807329055004
317.1177769884934
308.69538255115106
345.2095264208341
286.00849055302984
301.42812489242823
325.8303020724449
306.2092500973553
338.07146098027613
311.34923597736014
294.2149069160628
305.1052171290081
282.7251751448647
315.1968527925462
283.3479833312396
323.0930146334162
322.87977467747277
280.73025358638415
318.11130792610976
327.10699745762963
313.1405539232068
280.04205205874047
343.872255125112
334.3744163475481
311.5835307555413
329.351331409884
329.0722086536057
292.3201306074023
338.1077217669224
321.2666931279293
304.37101393055207
321.28297137248006
337.4572986729728
283.1342605601116
327.62666641786547
347.44614110600094
292.3249780271391
299.37982044332557
301.32830102517147
316.4571198682422
328.93956434184577
300.79087755752346
317.7502669125969
322.88377731468313
287.6878442122263
308.1740188503278
290.31489011884435
325.0344625629775
283.24061853530975
329.6147892759716
346.00077303945045
341.55896013606525
282.84011314366126
332.9575208942784
280.5313473470786
348.9919048708306
297.5017724560873
314.4191933147603
289.29300312374517
330.18562580744225
349.70526662244
295.3709114086162
316.00673186752937
283.3602053092011
306.5632262798666
288.5556988674397
349.0674103045196
316.4726257044373
331.93907106721895
300.93725690536445
308.6529632531004
317.26418480977156
308.09626773764853
346.05800563913857
329.3321528604232
328.5024541520903
318.4159023753913
292.83041460721324
338.8889542098156
338.6736689288162
312.22218189300554
308.75777550765457
349.4259015074065
297.6193629765571
282.9669390761132
324.56446403504617
324.46069976263976
318.3648835939288
285.73941153568035
324.08986941317914
283.56976888777956
312.6021588438766
341.78738790574215
290.01566348045515
347.9238429408518
288.6109231026123
295.633368636313
310.98748990038104
345.7086145251416
281.86559589401753
316.76428513453095
315.4166798776006
304.474986573444
349.3570621340903
316.5322254484404
329.14583099631176
301.9571167704424
287.39623621102004
332.9597372751694
302.91661680905895
293.6794251718828
299.4429258174508
340.1094462640483
316.1648363936335
291.68692197677615
339.58234621808043
289.7875651440126
309.2712994213349
304.41503329590995
300.7151851655782
291.9058782678662
308.4680441626465
289.343850878739
312.26106219139075
341.91257551926856
313.4328093639398
295.2295247697022
305.22767653371494
333.8723348598819
288.7166635686235
319.7434928036366
307.2549153310995
288.64509684766864
332.3604830728819
343.99466352179445
282.6167961733473
332.1867301428168
346.13188508297696
298.4721894581097
337.1798466230246
302.5497728874394
298.9042509322635
296.26131852070284
312.9346741766018
316.7197457648169
292.2474185121959
309.9504189221503
315.00514794382786
292.8236803120281
312.4521779152723
299.0062361140965
343.86735757605595
312.90191889298984
325.70190011001733
320.8690876984741
341.9887253875063
288.87211947352495
294.69542563567336
311.03813983708903
335.9943602150509
318.0629772708635
282.92463723209545
304.7998937834189
284.4737064532589
284.5740149723483
323.5335853110565
314.86011268744585
317.1333021418007
319.2870752671258
282.3639209426884
348.0347307746739
347.2236494538549
330.1007383276101
295.80091924007814
321.73806037111103
298.97074496154903
289.2173212357974
335.04041857715885
340.6550519409848
317.38430139191996
308.19572815666356
317.7227409227864
322.4994516370695
280.38138631765304
325.24968474176495
344.0127159434297
327.32501802280734
299.68093938849205
285.83817729583166
282.62661013460587
326.91027931236925
321.15113743506436
308.8512586291996
294.90181976042066
317.51156587839614
339.59451189901506
320.25025454563354
339.86810717368076
313.7681814833138
313.54583743297474
344.4256331634714
322.42302211182516
299.16288041290704
325.83436451348365
301.0751829570511
327.23591929090736
346.13417469759264
331.25245295256
283.21131484252635
327.96180587392064
332.00219165549146
325.6162923019342
280.0625051580422
308.52314598808505
313.9208437055973
300.0363602561415
339.6866742455418
296.7657071171291
346.44049420752316
343.6291316354262
305.6421682062301
320.98732573631725
324.08986765776206
313.81574698458246
283.1731754224217
302.41057363093785
329.270019791988
293.95337895368186
292.05064163034774
325.5970484720655
322.03541730041445
294.0106520745025
287.49951350530057
344.99887679160474
294.67232428634975
294.6723604668216
292.0769744205926
300.0448641093475
348.33536369958443
349.546530765011
283.03715390400595
330.47769318626644
299.99769626926525
294.5669323534663
319.2071743264622
286.4024889736521
317.508016924542
314.0714533043756
335.958956488898
314.1300499145199
302.8210442329332
295.6638243794194
325.6279488116562
290.70170349432624
324.42907209819367
295.37778575710473
303.1964895741736
285.11601007521165
289.68093438027176
320.0649724979988
341.1511543195509
312.4156446066448
348.3666410547065
321.74843974895475
328.2056241862077
305.6707855017826
294.1766664755649
280.6334437580091
298.0770863986247
341.24448317659574
310.2653840150855
312.38481874932967
336.1418668409751
348.57867613524667
338.20333477627287
345.56690685838873
280.36137999383067
288.96796819099245
282.53074070847595
288.77890469933476
340.7105030138627
296.663732933127
332.63816275343055
335.2624056894702
310.9078963440235
336.8626791733994
329.32221069721425
322.08658209059877
298.3248514960221
342.33820161387354
289.31126124237994
346.9015979371954
329.9923532392681
342.41343964967217
307.4220480376082
343.49778750634187
300.92791684519614
306.38871718508864
317.4918079849444
325.59615341818824
310.55483360069337
349.4021296240107
318.19145115325944
294.69680350927916
292.15978779304754
318.0247339877892
282.2000612711469
330.91076216095786
343.99128637094145
292.3622691000586
315.0904637250313
296.4845985977836
300.4408760970722
322.9345861632753
286.4206710411308
326.70232520575735
346.8932623031008
290.67469047153435
298.7742834125203
337.0696118778209
339.86999652326796
302.2268231838979
331.01949713812314
314.7225005577919
289.7157355894143
300.07303850575425
344.55891657477554
311.4491611957427
329.45632860496056
309.68114632993843
293.5135507126977
283.43098899221235
295.2058099298305
330.5896324132021
282.98732248357624
341.2256572415425
284.56482718078917
321.88825244633443
316.79160820020667
314.25153770085524
337.1514628253144
287.54345262954325
297.35793007497887
283.069408084872
318.04064773962114
301.2061330748201
287.6410681909838
311.5244929059014
284.6481339363902
349.7101782709157
313.1173940943404
283.8548198724297
321.468880619177
286.80259145684937
330.32234276592214
294.637956452691
327.31250207884585
333.0381145472701
330.0451725038474
298.0313372181986
297.8419276113696
313.32993438403196
331.609843637317
314.14322641136596
284.94675798438095
300.4330699512662
281.3548882607706
289.1189963082297
283.2261635208392
289.1260637839646
323.8888718593187
297.8125118174835
303.569620855087
319.0417085087558
298.40041635800117
294.3973472331897
295.69608290295133
329.3526247866714
342.56956966496523
337.34073865129665
326.80769217616796
312.82146199509333
324.51954952049124
333.05497522444887
330.96246801440657
316.0867771927846
336.7025674066766
309.477577860068
342.0038918323223
307.1610745955288
304.64809793727153
288.6585194812801
341.4917924681754
336.1557384987342
323.28531606757747
349.388202592162
322.22295566751455
312.15640085968084
332.25324541802735
324.81178294658605
327.94200949842775
307.42780004178894
339.9593484877543
299.66638477964716
303.14409180197623
296.6764214127886
327.25912025332786
288.0337997502021
317.7054829145556
293.6399366535707
348.8059314125732
327.7687376990317
316.66952574731454
323.23272352292315
296.7692775677511
315.8524164543237
295.7305030075277
324.57483067431394
296.11771469969665
327.92273916234865
323.3346745276872
332.4644738669645
320.0977966856704
348.05853285272383
339.8870088346333
308.7281793275255
313.17587974841615
296.00258893068036
344.23308079238507
333.0079013873185
317.6174959152368
339.244469578088
317.97319264890825
290.81945599383954
312.1547076066226
284.47889760833056
317.3666286773969
291.5784779033934
280.8728573778794
280.0915863475239
290.8721604877789
346.2847941590968
332.36558267943104
348.98633125337886
347.57443312967536
320.4542802066611
333.1415154586098
343.85576402772904
310.97527211312786
297.91712026377166
316.248614627555
316.83615442091804
331.0876983757692
343.77324667952365
303.7536708345367
290.78373498010546
285.6901452855328
318.5985494414789
330.5214817656969
315.4181516740557
306.5202879459496
335.1030858250505
301.91611235127414
313.2443129931259
301.9207455578045
301.80688005353363
321.74348385358013
343.14556008794045
290.6097767934372
287.25424930813386
322.82307910118055
295.38709679774
288.809054039333
343.19189289667406
319.2675963014808
298.2294116247557
330.6223468992731
305.6184141161758
305.86708525805375
290.2782150924955
310.5401909040882
316.2239002282657
285.4136042968153
346.93862097310324
299.06288774159646
305.26203569504696
303.838418138769
309.97181153371605
337.519994435922
343.3142918982531
326.17088519910453
324.8120799391495
312.93920593398656
301.2319289242195
337.16760687504234
307.20185090637335
310.03661271468116
306.400825714967
311.39477656398776
292.3846903447056
322.82223600583876
321.48555509937387
281.35444602093486
301.7388702638612
328.46781509868487
331.7646441468442
326.7233197508229
316.5003776896698
325.35461084979147
297.9599758519913
324.5940793242316
308.79210386767573
285.3036466240519
339.8832223383156
303.73644335381533
289.80736466572915
311.36478504671413
291.7540668977412
343.01023723229355
282.8898089665509
310.93914715924853
313.1442668869225
341.20682779939295
321.6614978712429
286.1405945593775
322.08967803540577
316.9314222526196
299.1499884012607
282.7006448558883
334.77065329620166
292.6149561273402
285.10569901744174
348.9407650331133
342.2689391389885
326.3574444678469
322.40624273875244
328.8320212345179
314.5730542647699
312.12160688452144
317.6522272871507
319.3994141733345
290.19294020411525
313.07136319425365
337.2048046102377
323.0619038385401
322.5458795035829
331.3939973214958
320.39861975479306
346.39340471707203
338.19391409034785
289.8950162780764
330.3661132337595
344.8085188854547
292.0799590720184
334.622024886618
333.6889068893907
288.7040546316722
290.0837361360208
334.131172665291
330.74673157426173
348.3580270858612
305.9691477862687
295.4721803327051
341.00100566613025
282.6597750919996
298.75694881832794
292.0081580850557
341.4281193329788
325.5357517887484
315.6007653147082
311.3981405236547
312.46235045888426
305.906260992788
315.6006262878204
327.157102930213
343.7916644334374
329.4555080637183
316.5041696594748
336.72182754180295
335.39734505179825
298.2000119705907
326.34929002382097
335.9924468216596
299.82127747253253
337.86456990977166
316.802040241746
317.6811616175776
305.2391441638831
296.86067361122974
307.15933189438067
333.20919982694517
309.988255792746
320.99679192677416
332.2175424102087
336.0472643000362
315.821547555522
291.5766798996683
343.46330821100173
297.409409997409
303.3500695425487
314.47037707532775
347.7709286644414
309.47473611061855
317.2248104102163
342.22582234445576
348.5649545381283
289.21986704581843
347.05107840608827
295.54497042478846
294.34075482244106
287.00244743100137
340.62714850329854
321.1357145668407
307.4716253192101
320.5884194399353
280.1835390543491
286.48494808506933
285.2466957003391
293.09020345521054
325.6516999335866
328.81320573127005
327.13937752054466
326.5483206942921
281.3404739451006
297.83085102679826
307.1924168319379
283.35562788598776
296.32431523392586
332.50147022479445
305.2557424266886
320.3106669616119
343.90854153185813
335.69449236661336
322.45715535387757
345.6538841489931
306.5816907744824
336.63466050025863
283.04324673304944
282.9965489358183
281.1192542701843
315.548486066144
332.15788371450236
311.24777712624854
290.25688259750325
311.1046732589414
302.3055779370129
346.87292636466805
345.69296261907743
285.2968990205213
319.24774201119266
309.5950451159052
334.87251683708035
324.85018029572217
283.7779762965679
348.20119285734967
311.61004678965077
313.84203360322323
313.7163748531817
295.80885130640394
320.15171806822013
317.922247073145
305.06880239798863
335.49464895145445
296.7797024590904
343.1466826542573
285.57088117009334
343.85308306626507
325.4400907878785
302.75891720770306
284.22289635228015
347.1650835802144
301.95283098158444
289.74405230020363
335.5627359700512
286.43313543543644
329.528427552877
341.69696941603263
297.65890670870203
300.19613457906235
291.4017292424827
284.4392833749415
306.2538172809132
327.291045803889
330.2646809727187
304.004134029131
320.0228815380492
312.34000690222337
322.72272724856856
338.8756352953492
317.1844723271859
342.17666761406485
325.8886451211786
321.30673304551266
331.3974832471862
344.9649638613861
290.1018219879103
318.9588237563547
338.4110971164293
342.1153316659463
282.9537085569596
298.0571802160224
337.94938412870073
281.9853968919
346.6621963843332
329.5476600394779
330.2073981042082
312.65972574659355
343.6344022866753
310.9427725494851
346.36464515044577
289.4776082878505
325.9316416566629
344.55440260558566
308.4575185090002
339.3151986080291
328.27405485395616
327.9015373751213
332.0273795853223
329.3938986227891
282.5655613054253
324.60914045382185
313.6947976876618
344.70934081605236
336.52777675132694
329.9400110520024
281.83626006000236
336.2936874072109
296.2270700252908
307.5495472820124
280.56635000190096
306.47508015004075
323.57588528914846
329.79024536044307
312.4282685349996
285.1443881734676
349.6406451804224
285.81936092406363
312.51408633880385
320.59978081947133
336.30254686431084
307.07161365461263
308.280092441572
287.8067809766985
309.69721477350924
335.38150376670126
340.75021525560055
343.4506429038529
300.0715232135224
321.3758838721759
303.1921200370204
330.0204213123311
332.6346987704586
311.08996888187147
287.07977387873854
313.40767838080507
281.556611540851
316.1963980847916
327.7785714540782
343.07410430703925
327.6002425762314
331.2946436810979
300.59171508789734
302.094808570593
284.9466785496106
281.1435827252302
324.9901344445821
288.173940768531
344.15556956439605
321.64505635479213
334.29598698761913
348.2006692313936
326.29258535208
317.0446421239675
320.61941673385877
324.5460596506487
314.0922491508676
317.51281575086284
334.178437282526
328.9309079823521
288.1878455335644
311.2135508406378
344.1216937002075
323.27408631024645
324.98195565789536
344.9249429418709
292.5133022243645
334.4648641899223
308.4042178936919
327.88384802257156
299.1920723177847
297.71716486851284
313.7947183153424
344.0267419320378
323.53584790266825
299.0993530922543
341.7225864387644
317.63039651922327
294.61690591399787
345.8566502383952
305.5034855886118
348.67883268274284
323.75103946833565
280.77595568218044
335.94610444965326
339.66646022165884
316.06582219215215
300.5982574127048
284.6058178585026
340.83768025866533
307.11339514995
326.17299525925256
296.5555009486107
293.2814515606472
344.2541441316969
312.3902473109265
343.17323840422273
312.78659332981795
322.24897930645176
324.66048244870547
332.85065201445906
343.10159250818197
297.3377084637957
329.2509109067232
317.95631785223213
289.4147811312207
340.0664352148159
312.8854715049432
316.6084328984774
294.73878844708327
343.20546614237395
317.69351534748654
311.77938645661607
285.0265954216766
333.1907400362451
301.0036987053018
305.38166154854173
347.21118238723733
314.7346184672885
348.78921457358706
293.7255816924389
329.162111390516
336.45559581158034
330.4854957604636
339.5871242956666
289.9072174137518
298.37253387745056
286.5030588390651
338.21007972473046
300.88733204397516
328.0627881351248
306.474691891227
297.8546830576281
282.8689951947435
317.2934874731797
334.5133019799757
307.1064724440395
294.6922087150707
300.71633525470725
305.6129004892848
294.90272846082024
307.78340091803864
330.2902987467476
297.578014527993
304.3202563850404
283.1037309789465
321.9639016342642
306.60756830066015
306.0705947112757
297.1822545015971
334.91149520965723
304.52256296471523
313.82887350057905
324.03548599826973
288.38955744311346
338.7947462643718
334.2183215798186
290.81082125087994
346.636493226075
346.9998235753497
310.66101185157464
335.0189852679317
312.2138022612055
312.4633187709322
327.96242455392843
335.9845664805009
328.2202120889685
303.0596228228927
318.71623806116133
323.2743858058386
314.3217446255371
298.7354836302682
318.1374608321583
308.4469933454245
309.0136434337826
313.9145818535546
343.3985839067223
311.67289406263353
322.89218470595665
335.91836630226925
285.4807104515479
320.6257169136343
321.76259345516615
290.58560589693644
307.6609071654214
307.38944545193704
299.73951499149945
318.174942537539
336.081037857273
305.7689267907991
322.1545246955224
327.5466423091013
282.3146784225975
292.3618389962027
300.0775287644513
317.14178016995226
292.87745728701105
345.14321646113217
289.62313987476415
327.8144865740632
342.842683327064
283.07890743047017
303.3493071144672
293.5480141517796
285.330889015528
281.6816032229043
319.0584173695174
280.5232622203523
289.66261529756025
282.90031667681956
288.19243828159665
286.5266891204314
342.25500626855046
328.8776218392063
300.2426969642979
348.87932128319585
348.27953227299855
311.15818713588834
288.4951323044443
347.75730234133766
292.76516617430724
348.23466790030625
313.9205509432101
301.6949620981193
328.5232028798902
338.87798870007686
332.4695886891565
326.9878567874079
283.4990622858442
329.0505870962761
296.49424582289856
347.19063446053775
291.21436396054594
308.41743866006533
349.97083312683117
328.12881027211756
286.4545383786492
311.8562110777474
321.2726747236625
310.4063661709361
304.09668667921795
346.87819293799856
295.29889844229336
328.41052979198
341.2022307903643
322.5715905670228
283.34075204184035
314.3981614965774
280.5538956068999
330.50222871859756
295.2342614072317
302.7574943385213
347.08968149086354
330.4123570870028
306.7727663248111
288.2521862036774
287.9339429500055
287.7722021185588
338.75207831260576
308.14417716469245
299.62058235484653
290.45415562435426
315.0832306247519
344.91893519937605
294.15080512853217
319.4039847167304
348.60737182486804
332.44259206659694
282.558392646136
349.08243878805257
316.28140175075714
290.1899895846111
349.0377246941046
284.94665606664876
342.83491788897766
323.3058071499924
311.443501462716
349.21420018862557
335.31242927281033
319.8550677187107
344.359360274879
334.63812049742546
314.8429775390677
325.6891634365752
337.8941216317752
314.77446100426187
286.6871911087015
324.99453881705676
325.13962268262446
291.7620846744409
345.71907101610606
315.1902215883616
325.61433410134094
311.38334035252115
318.1034330368675
294.94747712852916
333.6182477618825
328.45869055151275
329.9126046351867
345.9659240430303
312.77577752601303
292.37477588653996
347.2020980659323
349.3069375141198
314.1187836004913
294.80289583687033
328.0673889082774
331.85208482116104
305.2621568994607
324.9314541085372
310.6994577898681
289.38036118209527
305.0031912635038
340.26586399381523
304.0282425537469
339.9459989848149
337.66797541572276
338.14235300209856
327.5137740471944
317.537087621213
339.15517374373604
304.07046677637464
293.4366534443512
334.36830476308415
295.11055703472215
320.37938051691447
282.473961282304
339.6778213128486
320.89377118483054
288.03117690328804
338.96744108481346
344.39133784961024
290.79819632165584
285.9399853415791
321.55532465787246
320.2369773544518
296.43553729817194
313.3305121240564
301.5041032546493
280.1242035593763
307.2094250903446
311.0685990687331
333.8451640178659
319.80155413669655
338.4124315112311
329.6399165040251
348.6342813659613
326.5763000518651
308.0549672595162
297.4248660537806
312.5235024547737
291.1083086462188
311.766562370259
307.0559348616374
326.9212961720908
338.2888468609052
293.378596305957
346.90257479122704
340.03191878172254
330.93623983638685
300.60104593862485
337.5804683215939
331.90885286239944
309.7201437805872
289.4139410235317
333.4431755070708
303.2623405277299
318.4547552859179
280.39352113255666
294.5955568766178
314.0384485444903
307.4020975232481
303.95389105070745
323.2346332685749
321.46311095546594
314.5996985554228
283.81078425182966
318.0544459281551
319.5388151372938
320.334773995124
311.9493779174462
335.20020901736456
302.19847540831097
330.620955976323
318.63761627555436
287.12477968003657
300.22516060919065
330.93916319852315
332.92006789922266
341.50296349988673
326.84132807181254
299.32295295549204
287.91271160127184
312.0265571380589
291.95775788965716
298.95831887442256
304.69766938566755
313.4734269628542
312.90757801362554
293.03158312862877
344.14967930072254
347.5999820483678
332.84884014777367
294.18754423828307
339.75645080540147
315.8222210760685
289.48644837574784
311.8554793581201
313.80150562968424
316.7997470049799
333.06241513401585
347.21059172178536
343.0790962772544
330.6755339375294
327.28700486881763
334.9000729674765
343.49370986561564
288.31169076307293
332.068734073433
295.05737184691986
330.32029327811455
284.86438447537176
322.27148293410914
313.68733482306334
324.76494822714307
336.3569202023127
312.976565189685
292.41582564921987
340.20580000538547
328.278598703731
281.7242290501911
320.53252909281946
316.23794260235184
340.5588618847905
321.8421508766685
298.40945337611726
296.14723615306883
301.29590326373926
319.89260324156464
348.99817670614215
304.45550759994546
322.5440017550138
317.8257855812157
317.0542243876878
347.4343346861109
296.58261625843295
306.3500388889478
335.3067947106732
287.87680090263507
314.9103430794053
337.78155363771396
337.6539936781951
328.305612378634
291.6262389897441
302.6486065959677
342.9647164320964
318.69668733076406
292.10369937962776
324.14482284679957
345.42185516511705
338.9367287905828
286.58138350936883
313.2802840010618
315.18768301964644
329.89428576267954
320.6364183090177
330.59122219909295
298.8238694214186
332.47493379669555
314.3193256402518
287.5287534540099
317.8881454890675
341.1862261941764
348.11405844064865
331.53792774073946
282.8711357493416
282.5290432942777
283.1819444567039
310.9735716118758
318.34415746701376
298.2770209924854
326.57094976712693
336.9045095449822
304.54423081644336
324.1795840847456
313.78936007668636
301.01948639861195
329.30310379024036
296.33867125090495
349.65729998475166
338.9940205268076
328.57882738024824
298.22586447095364
286.6648896697728
335.62608870517715
303.2951138976746
309.3089386071672
321.7796075583348
338.1762467978207
310.40710160366893
310.3012858518288
348.78004009812236
341.2373762691281
302.8285677370986
283.1633998104278
303.0731469541706
318.04675705246217
321.855955396849
293.9258407596039
319.69656636321616
307.9752905072268
320.91811373648454
320.5750591033949
288.3477671667418
298.0139896054074
322.26225686781083
289.80623454380867
305.52984460165476
316.018033155288
295.86469851214605
338.3511827366083
294.2227184133861
299.10518167203224
323.60490957852795
320.5752786516605
311.80789177154077
289.20447529271524
348.6069222754072
347.99518236343505
323.2878621510313
320.06050374810724
293.9193644276636
333.20020333417153
349.6021988983205
317.83775833320425
295.4480860259111
306.15319211702393
281.03112145874474
310.96327023500544
339.02498893396773
336.2287314747196
320.8028963206467
291.51783322166995
330.6800551415572
336.017736221366
291.44674715415704
285.2331212930279
294.42334282589354
291.3096742302158
324.0265597651148
316.64940028953674
310.9243393985414
337.5402589649822
310.8917844589406
305.6919845432032
319.7592527900071
284.64425240484667
343.76568754065534
344.32881435105753
282.68880624360344
324.5734037740218
285.65404769812653
289.2561069168656
283.8251358250048
335.9635714482592
294.51919678437866
289.29205197904287
300.7845287556194
343.2369850866534
309.52395920148933
334.7671442700621
296.60608856884477
297.82391297403524
329.01346346921906
318.0168637285557
312.1245183298094
301.5465818552659
343.8244643014572
304.53390277707825
297.4396046209251
304.80974671890795
325.0879625490305
312.16425365247443
331.28196726425574
333.53459983307926
348.69898310696715
332.54056419421585
282.64798696890955
346.4790968539402
330.331688688933
280.0330433551601
288.46031848314425
283.1201883481156
329.83307129286845
343.47142723841915
343.37323083434956
345.4758362264424
339.4206450197259
308.0625701392201
310.1100985069563
334.0045844392082
326.6151716196954
285.44888458394274
329.86135671883756
288.62366776020406
315.39865496531337
314.03157467793824
340.00869360655906
292.260222095372
349.9053236147954
325.26670366349236
306.0973752140103
292.83486696066564
320.8993853843664
331.3349457825873
322.6693009873551
335.0410216194955
304.6974896950408
318.4010460257888
340.5713163092234
345.9889375788638
312.7407829998556
329.4602501833058
321.99604801044995
288.4264746710577
295.3096720117508
324.5082169134329
283.3015576213473
292.8394340039681
324.5431195128328
299.11888992954925
295.6452870864573
315.777744273538
346.97706854267807
288.34885796333015
345.91518116950476
314.1650901648126
328.869813488088
345.86850664651934
330.50080276604865
282.4184975078362
314.31131809483423
338.33397004135725
345.17844446186564
285.0977666638179
338.5637383298109
289.2593266147417
339.0903351515794
307.7341750380708
293.1708195162024
295.99986758840566
304.9203844747062
336.72133723296463
334.34932077580413
335.49236340626743
323.2164497629274
285.6024092833504
335.1915459383271
283.348861116713
288.1529358810851
334.05329801162173
344.2470012174547
329.0557860729004
326.9263137482424
287.40139745910744
330.47633310892365
285.38044113591064
288.41239702008505
340.41432174786075
303.3062663485593
295.00880346358474
322.8225340465301
342.8493919904339
348.7124187320795
282.16078119079987
334.9884781189996
297.8635360126402
315.1983630983566
288.8585509225737
348.7081353419371
315.6038473831525
308.9243417176643
300.65979881457815
302.79276501731334
328.3770307832917
311.76646340794906
339.72805480758814
297.59615480859156
338.71176740691277
290.48961710688513
332.0848757401247
345.9396699827481
339.74339183919864
307.7438770043909
297.2737663816257
299.14335901405525
341.7741021828494
314.3915613749625
301.942625703041
295.50196711496056
320.366631071192
281.910699483644
309.4176743227039
288.29981802464033
342.6900131988866
349.05776488016437
346.25668102110853
286.77368708560925
293.3070768164687
337.3186528592924
347.4627665738489
319.00052131022153
331.0554518632433
342.3995025867435
280.0544752126749
295.6752157935096
294.45140555122526
313.1470186358347
282.0480812132847
339.06951677506936
307.9089407723041
349.4347801841351
284.25755448063774
292.3056184303575
334.77880549625485
296.58748974955705
293.3279260479156
300.9834229125334
323.0640093997482
343.0071514416066
283.8479653251903
318.5398695076911
331.72125396380284
329.73632411029666
305.42615517781144
305.43549583211814
289.37103628401
291.4424195886088
307.2073439288712
305.66218041532755
332.3187414190133
340.7396602978418
339.1585713291698
306.4999202409401
322.4883447985772
288.97987907429825
299.62610808830306
345.60855387431695
282.49854157917537
284.1513939769486
318.9527026849382
283.2667226796937
292.8963711324931
284.40386135627045
284.68283357655247
323.28602629931095
329.75872899763635
298.1578865611664
344.3941341209912
319.18055632022094
294.8740313474576
328.22573258915725
310.76949693996033
295.98281215297226
313.1571058448541
320.92092545245646
291.5899658788216
295.3905993927732
344.5090135414363
328.02117470176984
339.284342329662
312.8748129458357
280.9911880514137
311.5218003904081
291.2522621402411
300.2693680587165
294.7557880005489
302.5000460128777
299.3404699670138
333.9151443981847
344.08363654783057
348.81309503753374
312.9605497721374
326.30310687122164
335.70463544684435
344.1425963151533
316.31803521136464
342.5093640543513
281.84725246499215
281.60893045782984
341.42118601393275
345.31995394773134
280.84823286602824
315.04045902604037
329.3825603285553
290.96921744192275
285.6680494410366
311.0772297281667
338.0365817697693
331.5772530640936
334.0520097811381
317.84282274768634
320.3608947403193
302.75227720798455
309.7788237718456
340.6688572814096
283.94833971275796
305.37547193747616
333.4218977418856
324.54372778559195
312.2593037985924
300.40271704023036
291.36842878504734
341.24091601283016
297.076464637175
347.2164301330987
300.1448235428216
295.5920574838939
295.71984592484694
304.6654026002894
300.70562009696727
287.4960077052798
335.8202844152581
305.9438897015232
338.87633983229426
299.81053823648574
326.66732116689514
301.14700628790604
299.2231471265572
285.09975606623334
295.276426950374
323.12525900820935
289.8734205534603
317.21001579890634
347.61446993468473
298.5199448581044
337.8674654235387
322.7086760300441
331.9284201442144
340.1005807792435
322.00382434636117
328.47525150019885
292.4340326197706
307.7943410019415
349.21605682939287
314.8994098427188
306.7484998624894
294.02800437396144
288.517767581819
348.49660355700547
330.46140847924386
323.3612704589314
338.6243786506245
300.1136165492179
336.64835179994174
284.8062469284593
290.83065729380326
297.56119031175604
345.2568897510837
343.05358492390275
281.5039696523872
286.3801406396831
295.9049016316306
308.97433805909145
282.6268996316765
332.87484259924014
326.56637381615946
346.1501415363987
287.6178591312997
314.46690707610475
339.6137230981178
305.350976237127
329.2389301728798
327.2310051194358
293.7103110078878
282.91142672289624
307.75299840541476
348.085077309259
287.08536683716835
326.6793399953448
307.7602494226534
314.9216760666144
340.8678385283648
315.6484614245463
285.1833802224877
337.32181462245495
319.1499865661473
286.3438318286803
298.93825741716853
318.0189726247627
336.02649804389023
310.7325991950459
285.52928982114366
344.58984405970165
287.8812646228359
321.07308220427933
347.18478074885945
335.04502444753103
284.39103751427433
285.2004391294458
320.27285018600674
283.4857507306256
346.3585472129414
295.64715076394265
345.0920867077279
287.87478336365734
306.9013011097419
339.3071201997145
313.5827708163507
333.3769508105321
339.98323387108104
322.4855407335216
324.0808027621268
329.8433367596426
305.54771788277486
346.6564717910229
312.68994311273804
326.26288363352154
349.73309444804426
349.23258429959367
315.0733094672473
314.957909433105
309.2279957150457
288.137591606237
297.56957567154933
317.75283327859376
291.7665463816798
290.4830008334138
336.9489687562635
298.72081491683304
280.46414552630625
341.2152453435705
309.4561602157707
320.8720710577436
312.27486460042417
320.04041663285767
286.49345661935297
341.71934953029296
309.60900691181695
288.1192479468146
332.3305685118295
297.45669309697524
281.9502186078948
306.12073165365103
298.9443160749782
336.38818338469645
281.1142773888858
316.1433316896048
307.3968324368926
298.23193645421094
294.9565945597466
291.77702684772845
314.94280218997335
314.52170362605847
317.0058415554613
294.21587705941346
337.1269269314582
326.09288609484116
332.14635800083386
328.0215286534195
308.2943896133033
309.28882142849125
321.56119985699047
288.65541942493866
343.89789434469094
342.9672569912609
283.41207595247005
340.18509624609703
333.70588795830486
318.0440685627825
327.179045271264
284.12458728018555
319.23099760455233
283.86937759032674
333.27112435206976
330.9912688360764
345.67402870664824
284.94065365625016
291.8780524872449
294.9404546226086
337.64342329162787
325.5422233658269
326.4775853618587
317.10847711429443
323.5028528024422
320.6345868768826
327.16513470067486
347.32962582337774
303.60532365643434
280.7628908932374
346.8273889258499
315.0313183528517
306.6906089486432
338.5640268851646
343.3355237804411
332.33460007548416
346.8672508100534
283.79411931971276
336.13505711812957
314.93806566744814
281.1363422310646
296.3086984604371
291.39105272236066
291.5101800336199
344.99944643132716
309.5049635973048
335.24544869398125
290.5705114406401
302.35348229830663
343.50794734252463
286.73883811059596
334.98796309539233
282.47340837416243
321.82601730833994
287.66613033866986
333.8421640887192
317.849101449684
283.59919213012506
280.87645514872554
348.71683818775455
332.37888264962805
295.65364521352114
331.07269438818963
310.70981695506885
306.4771349790757
298.41351303335216
308.28242875009084
306.20389780242226
314.1549694881912
331.60072108723443
325.7395892868014
291.37505618642155
337.5971713334898
294.2226274855582
302.1649578038042
303.7902738982579
336.90063357957735
283.00606728778416
304.745686247916
295.9979900885259
305.2547130723007
282.4357528097118
340.62755486762785
281.10301434610875
292.17804694184224
306.26703947277394
303.9187778416723
285.25562454288547
344.75286676338067
319.2590633191923
342.49650869844834
343.7952465537992
343.3535696729055
342.34137147524257
327.80157532338876
281.6872543644229
286.09348236950956
344.40937088085366
298.222770627744
298.7092803361776
308.6279727016945
342.52254914122443
299.5245745772743
313.58681896588655
315.62693477632416
288.6566373462051
304.47806517383646
294.2378538714192
290.2069284257475
308.38772914526845
321.47021414867083
285.36348804384767
310.2423730786911
288.2726353167431
348.2522992373566
290.70979450012027
311.31925638521244
323.10910660338845
337.99202916720236
287.7802045505808
317.8288676741638
283.09570003597815
332.4516115898644
324.6648439429317
321.0464466077809
292.7445766884752
309.06778371445137
330.02512979552057
296.5588572729354
300.0877360742157
345.5822422987657
285.452016357948
311.22176732103753
288.3225715321661
318.685370639529
340.31590250883033
281.5452536348132
311.3514565285274
331.8134487990069
317.88477090674286
313.8639684840062
289.94548478445375
314.8715252359593
287.74028329124695
337.4533802537847
328.8313246370396
303.5643889414192
348.64246339662225
282.7400804423793
329.08861060462397
291.00163508473565
291.2351556675705
286.838331779477
310.9192942385442
329.16226220024225
311.2177535769428
327.0663469795272
344.571289188515
326.4121439719201
309.49450094666304
333.2658735422044
308.0708661544227
286.1598881279434
281.5480528659317
317.3077860560659
325.09096627180736
317.4804620663935
306.67412968502776
306.26391769485457
324.34795238603505
338.29216966831757
321.06315215121185
312.8111952854183
345.85941881642225
282.0372727147812
312.007147506179
308.11863887230504
317.21186340490146
330.46379869652935
304.32017900721974
298.02002846110855
337.34841079123584
334.5719321251331
345.66145260875055
335.7562604755673
348.76967314596175
344.2450794996154
311.28852970921747
326.4584498271137
303.93684888060875
285.9486551094794
338.27141496379033
303.83175925595526
305.7031989989101
289.47289190670966
330.9519030201794
292.50931386755366
285.0085880353174
306.96525702129287
283.7129149191682
325.4120752200612
326.69499275650105
303.72701672924535
346.4344659545835
324.36376543794006
321.8239164347273
332.34465640707674
306.5105202179884
295.68878768002213
346.2430648252497
281.961062148161
345.0523302348598
318.55904423844305
326.0214573905348
287.32942018196724
286.7361190707068
349.7752501903608
315.64579569756387
309.35132244259194
283.3927719230117
299.2494589146688
303.6276393776564
309.370821814642
328.90256836937357
280.5818621181263
294.6190261719943
290.0210734354788
334.5111060595202
324.87146699616216
333.64049130588114
339.78193914498337
349.3132727659681
290.5503215946236
346.93865547210623
292.89180433590667
334.7894470586897
287.7130863814271
337.51512779954436
290.65040560955725
306.7629061455932
338.90038881471247
294.13929580942914
289.5882967662304
311.11755461157804
331.2010217140208
301.7183036162225
305.54593038449406
285.1976606376115
347.5356659983183
347.74556687981436
281.86992276964486
317.6817695747699
282.162265271091
349.41534075695574
318.07977482768166
303.6169741527424
332.7321396896313
295.0224333124995
293.6879442502175
307.21002624582206
301.2858479561537
345.4543604668942
316.3749356953329
314.4521595869605
292.1628466958389
291.9293205271845
302.3582226283467
293.43458619830056
323.6587467688557
339.2318624150293
319.12920126882074
288.56034907189996
322.06853861390897
325.9069634011366
332.68197233692615
338.0873609130635
291.91121322236035
302.6395611879086
304.15700018453305
289.8029834390606
341.06569206472903
333.95335978902614
328.4127594168428
340.0876720139998
289.2370870590842
294.874932890215
332.7719464239194
294.452582953038
337.51939867210075
306.91114858192276
336.80485000873836
300.1564306949667
305.3836293442594
348.11403153264973
329.5577357314007
342.4296726050492
332.10524045031656
338.5644613343258
282.7789905249406
312.7371815054154
346.06089649034766
287.5564852663573
315.33486710152704
282.53251609553587
319.3180468144902
339.2889903348367
286.62707205661553
304.3997885283193
331.5940536457884
317.40837014184183
332.5425369011726
347.1329074950563
324.1154377407629
300.73810089166193
295.65688349937096
281.4567596253571
344.4547610056504
322.3480720303994
338.5051845766054
337.40763241477157
283.5986059798095
303.56130516003367
281.81204196923835
315.3808783141489
324.98056329538343
312.36379661303783
309.43147793363437
325.0650895448679
303.37661063447763
335.02030816091485
314.38057248979925
349.7186649491491
299.9050017751562
290.81006473624586
332.056682292872
349.30910471246773
319.79949294416963
314.2686878114826
324.08694119606366
344.1851472933106
293.05976751782447
333.75609617722444
349.63136014721704
319.3361130388747
337.77634301189096
293.65603684403794
287.09365522817586
297.86741689096965
292.99569035467715
323.59847963108706
314.94391601043384
339.5809910257229
349.3586763432561
333.5621119721695
297.81639387661
308.6801274808307
330.9720028417693
305.0991639462045
298.6855186239513
323.73067791153215
288.4699696122905
334.1116140375115
287.39752076463765
312.0634581887746
281.64154492690375
307.50421175724114
322.93411861256993
297.12962530502915
293.13573492468845
316.13120491219223
330.0368647799568
287.3374958596713
309.1714688792457
283.62876932732655
288.48373207035036
349.2424852242459
289.72492882948376
294.59927964154366
297.6298226488423
337.84322741504644
329.73853578342954
320.2672662554864
326.4784586855742
344.688607559037
339.7640260046274
310.8114390743398
318.84121400669005
348.9342920478085
320.6975015372528
289.4263068055306
285.16760949750756
290.5099875701014
326.04882692979754
337.25704852854784
297.9456966938572
345.6829647070812
312.9989145017136
346.4142359438524
291.6467597159574
283.82417358141146
294.74416177109356
291.8526279520833
344.0456467991446
282.37941513667533
311.961107550479
292.1847352443407
311.0945303820179
322.68297998227695
321.7298328183398
315.5313149819349
298.38353665034435
281.21710922975467
298.96267795553536
309.49288598918355
334.45048484991787
306.21499739494766
332.91920780197944
327.2333097879983
304.13952247085274
327.9889503178131
344.74707186915657
342.1365686659012
309.52796464128113
309.2642937832059
333.8109588460326
336.63317836827406
340.295280706414
327.71476279495766
349.22850307182955
315.78415034450677
285.88467967745856
318.4845317754948
319.6402848971594
340.2627399471493
344.1497543118571
348.4074733190156
297.89385838440757
334.5409448363953
319.74830260146683
289.09590502163906
325.03500215850306
307.9779786973753
326.2951379893087
299.7897860456627
331.06272889236345
293.7649792678313
306.33512387041515
287.34566021566343
312.1131832431951
304.9580831561899
298.25527440858167
291.30451229388575
348.8176898652482
305.71470393249643
349.4430920645157
285.19513906438937
282.1293755369565
304.7775893705657
307.1638562935774
289.3187108921541
332.44433707938884
306.3063929162201
282.2335366468121
343.3849387673255
340.91238564148375
281.1185428990951
335.93785649957874
305.91982014263806
311.7186177322195
330.3126327514123
320.34680473209755
349.24620380705363
347.44791638372544
286.65840879446205
304.6967945387275
343.27091049964014
292.6373468156707
310.4158290220851
297.6809916862758
295.00736372425115
309.3330497611259
300.7013854531115
326.8762390113156
348.02911024241513
299.0034653611209
282.09632901108085
280.078017226321
306.5648895742731
295.3491721523741
326.9397336682539
300.39418491117164
292.4383433168582
289.11822574157
296.96326473034117
329.91404780480184
332.6726894745528
342.18418310687235
324.3514614487994
311.581239758497
280.65253402151274
339.1959762419031
307.49971494918555
306.4250094148224
349.769762344335
314.18313007800487
298.69278723042964
307.4870123164669
289.50043819791534
309.66446678105336
315.3013232606477
282.03678437732
344.66061574747675
327.8891448924219
348.2894581856078
312.28991978493127
321.38891987036476
348.76521147666085
310.8344621713885
281.9964554551331
347.9657529158898
319.99211965574074
301.21139192179663
309.9619204762506
293.2908482809961
294.56248804190614
297.9269186615259
330.5399820186279
302.86246005674167
310.95205776281114
336.8356610900951
320.3088978609414
301.2032383490461
306.6522377311296
331.50462017156633
288.4368269547933
322.3090605874589
287.44123612271676
294.24312913189726
330.12036586078665
349.1320895428705
292.068463679807
336.58202759150606
281.1292310949781
289.79692781197184
296.7845344481406
338.2710058419837
328.2109304597863
311.12928987632455
292.46899562966126
307.9693597100901
320.0254981079148
313.86307121894646
329.5907834421273
298.3169877766143
301.19665116742755
302.1727266581822
319.9522782574283
280.14018501581745
306.4370445352756
326.7133456204556
304.1902030992628
305.3958758825704
311.2091785949867
287.8473112112625
304.8398967812605
330.5040586763511
320.3306508160714
311.59234245682353
334.840560437385
337.9369440444991
310.1100927708212
348.8835567452544
316.08474689620436
300.0833068086094
291.1195578110192
304.18382304203925
328.59177713512474
334.72965302321785
330.3435593185564
336.1199219810775
323.51109776282476
305.8761301578909
326.605531394133
307.2345268892851
337.3628780820226
329.9461873537389
346.08802798244096
349.98493546790206
326.9559535594114
308.83330952728596
293.59912552411896
332.77904124207004
289.9086550873118
296.5126742861166
335.2691226031
312.33209766048066
326.3790396357247
288.1873449139681
341.17345975542713
348.3647725763159
303.73300065826567
334.7547511555045
310.9082758062439
341.437372519633
343.1602112191533
312.126138327521
332.88908797653835
304.741307803678
323.2285116457542
321.5936199239305
282.20509898328464
282.6334965743203
338.18682024837887
328.1124044013372
334.58324855717404
342.7017147401132
287.5066033268884
313.7654788094909
334.75710408316013
319.24071516777633
321.4121569368998
297.7645554251608
289.34332247821766
301.2136764435564
307.0892936882149
281.7809503107622
346.45942144242366
291.1217261392192
288.51095457048
284.7912363069469
329.3323260534812
314.99076633843237
328.5551428706449
336.0807671122225
338.29232034409284
321.0537020403372
290.0129641570666
314.2486761255004
300.39374663186857
349.88485295985305
333.0619159693734
334.0954417125039
301.5396728299393
291.51493212903756
342.1370831590473
293.6044782399578
315.1300228077724
320.73887230364664
302.71949694829226
321.0373536043294
335.1882775859337
320.0270125026123
330.6776538485112
319.1312714401007
327.36281238594796
344.45037409767707
324.69760261689174
331.5513930906083
283.9794655468786
335.391695138429
319.6352438823115
293.7110567304537
343.2717219948868
296.9615020337536
285.72198413147356
328.50772093643087
282.20282618568757
293.37648339093425
284.7659674427257
326.2566121003849
320.0416521883453
301.3242794836471
293.61127226047546
318.85197452313577
333.9754051862752
282.844024279905
309.63996323038464
318.0963781921307
347.26756106721405
320.1902794537527
300.4888157823212
307.7571605049948
294.67774564727915
306.6790957061079
338.2660343620927
290.576165928819
346.37989192871964
293.7403737608863
292.82998400269673
281.1393277573442
324.381437208536
305.76392500663843
318.0014600105192
340.36986717853705
306.95054133034375
306.02486136192636
341.7292928714414
326.02437478935957
346.93671312934384
329.9133169329889
294.54164086244845
325.1586548459584
328.73432869144443
311.4615403967175
339.0304989702281
286.3012470522634
309.92526576269233
338.2137417941819
332.1666434305228
281.8979073822191
290.59530978753776
336.4274492356915
325.64431054136134
305.61215017708827
291.5264776147376
318.9872053354858
343.97946324012173
320.28095450207815
324.6544126794057
306.27676421857484
324.16407981393724
299.95630351037863
282.934411236233
330.89474700554416
296.6778065221919
296.18305873753
282.7131346096873
300.8039397953906
291.7670704982791
322.85379964375977
323.02558964239034
334.35243078835003
310.8035319244004
308.62638383917596
336.1291250497873
337.4845551791286
338.2276327750248
308.7291496076413
330.8611483865447
349.1746691560206
345.19976069196076
283.9419175712275
330.56124253536655
319.18807055474747
344.0502103715747
291.2169163932195
318.2674599028226
283.72062731005144
314.32157860640643
288.94110267217235
281.6773649526868
327.82227680942054
326.0739184499652
310.0815438399425
302.17478101868085
335.1598027615757
291.40104849524744
314.9900582383508
326.5913722076877
285.11031081297654
337.81762375631575
348.8434058920202
284.1253097877193
328.797775208364
344.58838987698675
335.8962828911838
315.5143567390408
295.49416610808964
287.8263502760642
344.80119322935445
306.62669989302526
287.7363362463746
311.6515849130208
316.4032211719429
336.11716847131373
294.8829816654629
297.66609800031654
288.4252121034175
316.8689903491726
324.4060183762469
347.5804970134515
328.3331455756183
295.28156608655735
344.77522589938815
292.8556394412872
317.4824458038721
348.0731614772004
308.1034220588726
295.07858702679596
294.50788544989354
297.0697155678125
280.2003332039303
343.9971294393536
346.709477632259
348.87000483265456
330.1768376817702
318.1188078187289
331.4247274980464
345.54863481224135
303.5270529116772
301.0054615566423
305.41484228356495
330.8774687376321
327.7268330914639
341.821339216158
325.5096795264787
341.96330622528706
280.27024583479573
321.9972775016234
298.58014889800495
326.8446257881622
338.7863832076079
287.826323480818
320.4581890632929
284.9230156352788
349.2709846072596
305.08160853231726
296.5408823372506
328.15705920334653
316.3413236697159
286.13737298566616
282.9245134058533
295.7292880237028
346.06366027226886
313.8819246264043
319.1015503838922
280.1151680498521
308.1821425505542
290.9705131477679
287.5276562729346
327.52583970496147
346.59164035624815
330.6135994206933
284.25925898259595
323.95268271658625
303.9997136247165
284.92095079572726
310.76379274869885
320.6250859624745
309.67826532655613
311.83216575002143
311.2081546560843
301.07403161830695
289.47454340946274
295.4351754753729
292.50940405650783
327.8071875579261
329.1074320958628
297.14604543677035
343.9630148322387
320.06104835724693
325.6983283618394
288.4632171723247
289.7883514198733
307.8654027172268
349.3035047520614
295.20686468921537
348.74035125587784
343.23394871815213
281.48714167508393
297.3630542634177
338.8877456687802
306.0860653220654
306.54656554958314
347.7495495537486
308.32147162355716
318.70471144238957
319.97607140409167
339.67931378555545
291.9986198684205
336.82872538202537
318.88707110670134
346.12093775500546
280.4376500306489
304.0766425386401
319.3427179150856
347.79053974295635
329.0936105245149
326.4705066083207
284.68873033961114
305.91851986062505
321.87241536940905
289.45451305901213
294.3893920417291
302.52639945291486
327.6157899688673
326.1925401526297
298.74357298346735
345.65541370400007
301.51786821662245
323.99490765024245
321.9292263627978
333.0940913681061
316.4204017482382
340.8580632860443
309.11064984373064
302.28565199645294
320.3544422846555
324.1423326621053
285.3527911425645
281.89430399052856
344.7545013262867
338.1500003741301
336.3038204815022
323.7518991930598
337.78591666527063
308.9630401860154
306.388503180846
333.0679421449044
324.6118954976636
282.8586478805179
313.85247122521736
326.89742596433314
323.05551833205186
340.14825944979276
347.3309026559937
338.8411844117521
306.8909440018405
295.1607614956415
320.0843146073083
320.3519060638709
317.72187575519615
328.8807559591337
314.571745141445
292.7771437128023
319.9943744333804
331.05595450428
325.0548322349972
337.1618940754377
334.90588855333175
281.7803947861893
318.2285686438384
344.20668996422125
295.48134942066304
336.7067257746114
330.6843650809642
295.0610495654111
290.50005847522186
306.03572570561306
322.63206621590393
318.216782204882
309.8555648097519
345.9412493298503
334.1109718649911
293.06751618292606
345.9736063011582
301.68139835096747
296.96494610296037
299.43258569668427
318.4303760676487
294.45926392373013
341.4683604793008
349.0569715212287
305.0713558819099
326.5345506201888
336.30809238627336
308.3950013035125
309.8763058350834
316.65889239732155
315.07698468568464
324.5245228390813
304.19343151208756
323.0859082569156
280.35491064774294
291.8517577293699
315.99369207938645
347.06266519559654
305.49107375318164
339.76892755024573
325.13928009060555
297.45049281856745
323.51239364478056
339.44344611396355
310.35998140727884
286.0631925495865
314.0274160981648
285.9338486272428
329.2337897664103
318.9985226539724
290.751447022372
349.4888953564446
307.29819127291574
326.20189992666326
287.4851297843105
298.67336899444973
297.4123452789301
297.28827981947734
297.44184050162625
329.02210181899
307.0825263893286
330.58464490458977
311.61257091716703
319.83899700417896
320.97124257656213
291.97382107745995
342.1909490671176
319.39117608333015
337.2971536279847
294.3916150799208
344.8888513631649
332.8069708327184
335.9445015022229
294.60738992861747
339.9389606461524
328.6714392408902
344.8984735639555
334.79605392111347
283.7937035662231
332.06039495541825
340.530291038881
299.71807096416705
331.9322532950072
297.13269241525796
334.87638986387213
309.3000821541197
320.7715126113178
308.4612736865612
339.93091524846204
338.97481095051694
313.0433910695741
302.7300900558625
288.8027838987414
311.4140968009689
330.7430259037346
302.92476803357135
308.98959179991806
281.96299250506013
324.1512969780737
284.71616461493164
297.33362820153764
297.3753876276854
286.2731804748545
326.60448190848695
346.19514569949786
296.0436927875307
307.3890240602957
306.3979409583714
296.35809714775576
282.9075235667423
309.83455854481826
291.0622001979197
291.4476505452268
309.3706494494458
281.8991491750395
295.31101973742506
306.036722816409
289.8075723574963
348.77274746056435
302.11606852207314
335.69268517451326
292.9085998415222
342.2790399777133
293.1613589962428
324.44152296826826
347.76369731257364
330.1579704770116
317.5318233332705
293.7453361067614
289.8413883374249
327.97631086150926
334.35439759797214
298.790260072704
336.7462768919929
348.45797691997257
294.64840535523206
301.4278167599168
310.11562394392234
346.57970598376056
318.867701486889
308.71536856316067
283.92833499228067
308.29358257701944
322.2998835967436
338.38798071544534
317.2849415080656
315.990902045372
313.0988683918735
331.4534869938956
332.61827227361533
297.5354052539961
316.7792910311759
309.1974681949226
289.35065070085614
308.38400099362417
330.0179983922923
321.6847283365471
338.518601253585
339.08922797898475
297.7695120549075
343.92915557870543
298.243191235344
300.96534730331
284.39004361689854
346.2698800662729
348.66082283946446
327.22249866960055
314.86417181114825
319.5275067474282
338.478112486985
330.70770746733285
293.13407026342753
347.4652110513673
310.632090481573
334.73813478140045
286.26335677216656
320.90201756997857
322.5546789037357
315.47707768399584
301.07164504213426
305.5685717117617
292.5684580504241
347.76678421307923
290.29528435006665
335.5427060731293
338.5727594454592
287.10683896976093
280.8388965886909
322.2818596254032
339.4031015658912
346.64883779672175
284.41367481479665
322.2870703621166
295.858946829269
293.30126150671475
322.40888662405075
292.0823565218043
328.95600307620924
349.16198319432516
280.3183309323102
318.7318997006545
308.00081120033764
315.9174216163245
346.5388763764826
341.01321254520434
322.01282876488517
282.63084901971206
308.74723864010286
320.8028650843116
349.3621437631771
327.98804133787013
345.31857486275976
339.7004820962232
319.3042593559075
332.9985327567858
299.20061643593107
296.6668272976797
285.48209997844845
333.1265866569839
297.9244024495067
346.1552100033342
298.6558167977534
323.69193106066496
282.6233782672874
322.98556958485744
293.6419335744344
344.5375403306007
310.7425883215587
300.83407457582837
314.48996820895206
331.404917495311
295.4293832328515
326.40285683179843
292.81910114665146
346.4592220257419
317.12761942532654
338.86335663088414
312.86634531602783
337.9021819482407
329.4571095586247
330.7663055380629
326.35582209293653
312.6509989174308
297.10418180895596
334.99709676614526
312.3408965304503
341.97119182168433
310.1277932691262
295.51530482232346
286.2948128774451
325.1800122833093
315.59707543398144
348.62261697492534
285.67953096010035
298.64644673661263
328.971662001232
292.6040817966098
331.4371235141863
330.26879952125114
295.4877142899372
341.101761337975
316.3517440760944
332.3558189536117
294.698239395089
334.3014067188415
317.67135546380183
281.77860528292274
323.80349440576435
294.8339069313378
300.93082090808724
310.80371563668854
286.54715487962335
289.1545664274007
338.870267950801
324.056876285363
338.62345807746425
298.2164259640528
335.60905002411175
299.1331207583117
305.49274412573266
338.98237098398704
325.7233828387597
326.8377419938269
311.0066618641956
328.86613029582304
332.702137009436
334.6833501722892
285.52893799466204
300.0819626045452
330.07658296816845
309.18736669552385
288.2403227555347
321.57159020434057
327.1324053887478
332.77592440595913
345.20527669522835
328.19067705047974
298.66420656598467
336.3187747809891
289.6994600788423
330.28227302776145
326.0052236794546
319.7775687003348
348.8646190417395
291.01746865041133
327.73467036994725
316.39115476195894
280.4380415155654
337.3889980067995
330.21075387067333
282.4653732055852
299.2032658840913
345.9504231328871
338.4789868832764
346.48453728473527
344.060731695308
334.73604189387595
289.14259651633535
305.7404264700638
285.04597934294503
288.2757855998849
308.29434215607694
348.3641486125213
341.7607070583795
321.93914624116894
292.6305065257682
298.8675194174266
334.729802269293
283.41955288841956
296.1138939820001
287.2506728418667
291.0687432931055
289.4197352450938
329.61964868830904
326.5457561947708
298.26220768222703
282.7459394343655
315.46453060260376
339.6132971688479
315.3351864842559
322.39237328395757
329.96787469552544
339.3440288204299
314.2057069728368
339.1101990619139
338.5799828393632
314.6633519578209
315.6399438552579
342.0585803697686
349.0512443658197
331.99231200557506
334.9740413159094
291.35279107838466
314.176152376414
288.78000800010017
336.5391504501703
311.8030525691819
345.91676944026756
327.42532428967354
332.64004694855896
304.27807838789516
309.5039525184042
300.27210538443296
332.55772993538596
309.1572377063325
321.01109035523797
320.7796715802132
337.1439885337134
302.4923919898542
310.8871545896061
327.9361571966271
334.84641860191005
289.83189311677654
320.3998563265722
320.2232852822214
296.9179011672272
324.0128101294784
294.66098014655927
293.27468901070023
337.0275734812911
323.57568019888487
287.6263300488564
344.56621386229847
296.02614932495925
285.9811076309886
332.11006633694257
339.89049601139334
300.6496559401712
291.5742327106459
281.0929583346323
297.41178667162603
317.86105230751116
320.63963443077836
311.98362389636844
335.60495595188274
345.5018134378175
340.7652637056601
315.6150500407606
307.55886288133564
338.05556755971196
287.9438657416778
284.735536222749
349.96626423450857
325.4839167706661
312.0695493174292
313.84605521357844
330.2112771468393
289.4645024329417
287.9467247651939
327.4524551282505
283.63690196035526
308.89786240641655
281.6832724762828
301.7114816205993
311.8232478312553
343.4522994810036
340.66274485509757
311.21934432907153
332.2055876573278
345.83678562166995
335.9429878465326
337.30137655919043
322.2592759106085
297.8644554848924
283.98680019042274
347.7040764713983
328.45236220477983
286.6857576885186
320.9856750855874
322.5596168793892
344.0893860684823
309.4241452517412
297.6367409582856
317.3661016730092
299.2557987571912
308.15238279844317
285.64104131582616
336.31610488506436
297.55048609809756
344.7470005890734
317.56269321965993
281.69412583581925
310.7385460490648
321.03501173417663
284.3583681653701
326.8682029884607
303.37245960522307
333.3305986945006
340.0585572013098
326.14754803867305
329.00437323842226
297.3310877605323
301.26953679888703
286.74625325440667
314.6909192605658
349.63338687693783
348.5669010594977
310.3175091455908
290.5310387447318
318.65166018868456
339.13487102827276
315.06634676245295
292.74055558078356
290.3114348379774
312.49160962462406
301.986033728542
313.08007874411845
281.6628951484332
316.0426591759988
292.9337318408898
339.0971494889608
329.1712026775052
337.1168688389043
313.2629918617321
318.479697555239
346.7056958450411
314.02049363874534
341.1016383781353
336.4074875388817
309.9288844589079
327.38715922588165
323.09861895704887
292.40429548374334
342.951051902102
307.5774845298488
322.014212299429
330.28980985889496
318.6326275286744
348.41179257308295
297.62418587888465
302.195526839981
343.53097463728284
281.91965913684055
294.90481907067795
293.50053495576634
309.7101209418024
284.2710944908834
309.29314325230524
288.70968947935665
316.92255953333654
302.24272289112764
283.9399072110267
317.51877627038954
342.649513952046
335.6106938952328
344.1914242320712
331.50664545375105
329.17973613513607
289.049480338515
334.9901259471452
286.7184817507895
313.651995152272
302.74262175461814
345.7553093717314
335.6926304961998
342.79224923916087
299.33718109791016
346.4787237443138
303.93311877200506
286.70011628061786
321.59489462989274
341.9944438206729
300.78161091618125
284.08145201573586
328.3915833500874
301.0297764816395
281.0617845642641
286.53946990768253
323.24295228075823
286.8472404047921
332.67528250297806
349.5504447142473
303.3153199903037
346.2761263346693
330.28491363374263
349.461964937985
309.7360889226753
312.02762957420674
293.7427235530728
308.1025555030017
298.0915248845421
344.84886632498103
323.3660446310764
316.68304331447996
298.0826696876405
339.2879587166675
343.6520585848986
315.9937856512702
348.7928779831617
308.6420390628665
322.13017245207004
336.27884150851355
325.0805183267935
339.22958780218784
334.4858847898689
301.1643862421203
281.0792892333508
331.2869907445502
302.4155471085452
340.3201142902342
299.1015818491634
281.4092482718338
331.5701285880595
341.50390797311474
285.49910311870184
349.7994560715248
325.3015007749435
323.9081150478004
286.9095113176445
313.9770791226267
327.42054657347086
335.0897184134517
348.04379838754653
348.8404198661158
291.4567670214173
303.845397958886
304.32487375180546
312.4035734010104
346.1653353151761
311.07797180545487
335.95499450573334
325.7937101289072
298.7392618069114
347.17390292190146
288.8920861079377
317.7306210206349
302.02584468334595
297.9977183132124
280.438139003337
307.3457388568354
312.32352384190307
319.7847464969486
337.08760669053504
347.5751669062197
331.3206821441349
334.1394331397907
289.9108782125387
334.68695344834947
290.1079148121352
287.90623418127404
313.1381189604447
311.2083526569843
339.33547034159085
284.83009311540957
306.2779013773103
324.5312559136123
327.95592172254953
303.62040947899646
334.4717352730686
322.5429548331022
348.5285522303592
347.7220639475037
336.4718986011519
330.2334049711519
300.450353995548
335.903377513682
324.26756296328955
301.4840582316283
347.35195664177917
322.11499775954366
284.44730734603263
309.42916795349265
280.230931543564
326.548114506438
285.70676669685395
288.71433109801234
286.43689264301804
302.94127305380823
325.2186301503965
336.31150533355924
306.91015382238993
334.79122694207973
308.99600925080216
331.63845624470696
303.8877071693525
322.2011236252672
314.199610880631
331.8543789122661
294.6697952897669
291.32779204640974
294.42144451180826
309.94194434813335
307.822256237258
321.12465782048037
330.8392090417839
312.1304602925791
320.7331089542627
288.7103927757783
323.62963695954534
301.2752206581535
322.1724747221446
307.0553864760541
294.79295951477485
344.6345737225555
335.1094299967963
338.45539594140456
340.7806612028081
295.24245581049894
326.1516256221606
294.3721414530705
289.0711908262029
309.2208215294086
304.1745136071936
319.17560614808747
311.77604012282876
283.4048280351034
303.9227958202777
343.26524853481965
286.7405980132473
291.5327949948285
337.1368609421026
341.14804705362894
286.00765237848987
290.47191246387456
320.6943809387944
322.89398356347095
312.14534256809105
326.66798220672933
302.9996766749369
291.65449408912235
324.4709816118109
344.73979781475674
305.3587336874697
322.40850154920537
312.2012373055689
283.70088022009384
332.4573368346972
288.30832925360386
330.37582973867916
348.34024442837136
321.5526083436886
281.702359218106
286.80371238927813
295.17169660580794
332.30475542678414
347.4222009602577
299.03951139122694
298.74968850218494
346.6539261107174
324.193306223623
300.4190644502289
347.1764214421195
328.5058052332749
343.98547419977217
310.80270595429073
328.3339451065249
283.6335155874246
343.42633108696384
327.4230597721198
287.1428578512572
299.4254716058813
338.02907525462064
288.906370337023
281.49261082805384
328.4524475614733
324.77386879942765
317.0543402599655
344.9766165428756
317.21009053208843
288.909185140074
293.58585193469827
311.8578001981385
326.99817142450786
287.7285215142664
327.6093363260079
294.08960780138136
289.5212208049266
330.5061520309701
294.9370714998875
336.8474886575482
342.62909390265435
310.94921139164836
316.21857126188326
294.4467838808846
308.6670672135036
287.47025673753825
315.95429279781615
314.1097447817499
283.2559980935968
326.20122838936476
280.2884213786436
287.26477663580516
296.19713103891314
286.9756956964869
316.95102709017846
299.8259324132868
329.22941707765
299.9093388295021
285.09660381742424
334.08769772609924
349.04516882092054
306.034015429857
334.0492418104652
307.46888274095494
340.1082052758443
321.8457618447709
334.67356152095675
290.8602607916782
297.83579687802614
303.8690721091798
347.57170025934283
346.0900248398807
319.13736148508804
346.27090484712994
294.1210345137667
309.4706362873447
297.5140889028478
340.03996390469115
348.57650369442047
345.0081516356046
343.84918830883464
289.94016742428073
316.8584786254413
280.13438031933094
320.27497026598274
284.10482519333
290.725191982146
329.7618983950207
327.7538759047831
348.2252829967242
285.88119164586055
294.1611554632853
294.0367922487368
318.12969705452116
330.64808372176685
327.2776663279161
307.5838100065416
322.60870026737655
288.4834506744765
305.1384269772847
347.4319981961944
327.4885647604662
314.69478080214435
344.36474003438684
309.21980874132305
347.86586139945257
304.7644067085698
299.19572452411353
328.11270579390595
288.60479042563907
327.38451152574413
290.2454311496627
331.0462153650019
316.34325820295317
337.518186172688
332.22036183745024
322.93663424108837
344.74307491548245
338.09955676105636
330.04998336347796
332.213148738269
313.55096212414423
293.37705871115816
341.1620700456293
326.7594150315263
328.1579366008678
292.83393315181235
298.8089062162065
347.63280207841495
337.7951532128566
327.07801125859226
306.2665581332175
288.17353634504974
330.7630795640418
340.35212785228674
331.9575162085867
304.66216140653955
308.79752162180637
294.73262419752416
299.6305137698625
316.3634549978335
320.971649531445
283.5468268793679
288.0628879100209
291.5261477368176
292.11542133766284
291.37961738529896
322.78042397037575
331.71177501723326
322.0016529756802
332.5516908558178
312.8857012560535
291.1000146772245
331.10649421066273
291.6877553523596
322.4638799965543
349.2841360304636
304.3310278600383
283.5520383829515
340.2861687044967
321.4481930410723
288.07500579553044
313.20433518450204
344.9878332614346
309.84160515898265
312.7590683255623
345.29310196956925
319.23841830512913
299.6749773374689
281.36544582210684
329.6165951515331
303.74169603151967
284.71041491676124
319.78347678594946
289.4820051338532
311.60283744266314
326.7514329880713
343.89761686864284
325.97135077173914
284.7997232164768
330.8691833652187
296.32297022906874
317.5891503115783
301.9492407503809
280.14054736898674
326.1070707778948
338.8168539918395
315.7336105989231
324.9514262062475
330.1863562976783
316.0056329692023
296.6422815889579
285.74056725169
293.9340636641414
296.0127242678976
298.9110139132596
303.0290902209778
288.681426570276
314.02689726596776
300.6889761552306
293.6178453587538
325.47546292628215
348.7628959686275
305.4523255182364
309.22432317881646
319.854998144636
308.01592881765225
314.9166911397954
314.1570914765959
339.8916588699305
330.74063777755464
301.6073445583353
319.9329241096762
310.24534733374844
326.7800837790223
306.13819283196636
301.0696488547799
280.33761863482977
342.43421749551
332.04886962275697
301.7011367957907
316.4475801962951
347.2450350205171
288.0492486686795
307.87362347780714
324.3474981200888
286.6303984047308
348.02899534677164
289.0717924195061
325.9189995288058
340.3716192469654
293.3834889851904
313.0811878610981
286.5560326333252
329.7133678465195
349.10438118245145
321.47600858555734
299.53319191528874
343.12883417779244
299.4586198090243
286.547214455325
299.65735529066825
333.8246135258893
290.24627090029793
336.09013019737347
280.4540186681148
289.3077920105414
344.84174183702635
280.7191404078909
294.115589116353
298.8111428557765
328.14687640448517
311.54134172751026
330.50193871010333
280.0074497680478
296.1122623808766
336.00756108962827
321.853500815275
346.3064605448569
283.62648268211814
347.3892303457346
345.14111525265645
326.69929595991476
334.7712163805713
311.8758092639284
315.64297888319044
309.865913378362
281.74248535415035
308.1412359632306
317.00556962642963
282.4035817850858
333.0567245334868
293.50147136097144
282.42877626290203
314.8681900578126
307.9555077286604
297.9427439958816
290.6984453171155
342.94033385127653
346.9868103847348
340.08809334621986
318.62657719499714
337.536191944457
312.56571257449536
327.4089432992572
326.9739682062909
346.4634853256631
343.6973350057733
344.6605561493934
333.93347226162547
280.61724615354814
331.5544505898096
323.5181360584934
319.39561471756366
280.79298983543487
328.52805027699327
281.3134501397764
308.7058700039105
280.32502765068557
305.19864815174475
311.0230576566648
317.41177906217507
345.24282492406513
329.7590825117556
305.46274341030824
319.05924763386633
302.2600947170221
341.86064081665853
330.37923447959304
325.723492963432
281.40911901551215
308.15087651641096
321.80749211513955
348.4664137620486
290.17812077498775
320.1386173393788
285.47759334805943
332.6088839884548
344.2247460351839
328.6291680668677
310.51020405037104
348.08932763026235
313.40192744398945
298.6123020319036
314.622917223285
288.3060001712827
305.76212921201534
340.0602650578099
298.6337596851321
305.6092876483502
337.7232400071212
293.3980928799224
345.8048660294827
291.2090106812595
294.89005415513327
284.84632499274403
322.9379026541843
312.2475130155414
345.0289983684081
327.9420433737676
296.82775459629204
322.34871281444214
346.03088362209337
306.2826316030624
346.55407286815597
323.9431069220052
344.94041405648943
323.3767638198146
296.27030322485393
302.2914562886088
340.86409876146723
346.5220736561931
290.97053968436927
315.16777972980003
331.4640228545544
298.2377851298205
332.9002281789312
283.8645571675909
319.5034233667628
335.8431819008618
303.68140301993293
315.8591171542624
320.3610740552068
287.1199791065245
331.03412192244645
305.1087598534168
301.8882435037882
319.81632194419456
298.256206614273
329.22757385245285
288.4051150764043
297.06054617892585
311.5485945187787
333.88330136369206
300.35952739753475
303.94922052046684
301.4301684158632
289.6694593285777
328.4135981214159
314.8561523759039
299.33932106712956
327.09843844169546
317.7328849720332
301.76487161623436
312.55722718003085
328.57302286959026
333.1193987878906
319.4804835743188
290.30191925309833
298.88387489891375
320.207271791371
312.1078529128001
349.17826923878664
303.06711156485215
301.34501979952887
296.88079820009574
295.99048082878033
302.46324598551865
305.67356740478266
325.67661781020536
325.723433915236
349.26956564515774
281.4019237049492
303.00684270131325
294.1887338610321
330.8534961069438
315.2913139439329
295.41544996450045
328.03107544583656
329.51723538284625
285.40876613051546
335.1523506021131
280.22500204504576
323.8589795905436
344.4870056068734
315.37179123210404
299.93044070081834
342.5004451683506
287.74874190321043
336.4600104061923
308.047381156624
349.48401563174957
290.3385944883276
348.84922238556544
303.3021567060725
303.32703791957726
290.3624470801992
287.0848862251549
345.5936960539424
330.5123876093944
339.02652253497
313.2950054784787
294.3329327891108
315.4985371770794
291.0709986201175
317.00902982468
326.3327768354646
293.2766413247601
301.83149541252453
309.9108231238885
290.0699979750171
281.7765373037561
346.5502257300087
336.40655273028057
340.54942668223913
345.4644204020517
288.2436754425974
289.8933829996197
346.9491221827331
289.85508291425975
295.0889746916286
305.94370270110073
326.6139135718486
286.6229028824025
282.7904377780275
301.48226232511576
304.8078689927051
319.62071500284225
291.4893611017669
330.9572994578076
286.0369422637955
308.699100173922
339.8457777877192
297.7215634153646
349.5649702867129
329.8978831915779
309.3710876423885
288.42894197225513
321.18649165467207
297.78376327015513
288.8633187013396
335.9155487913832
315.7854655249945
289.9527101316254
337.21697060851545
286.9020473717953
334.80123898176186
333.0851243248241
336.36511526820345
339.83283528631233
320.88488252383087
282.39456069490956
281.47828419279443
309.83247966264275
284.3736327379323
327.6760932818097
324.8753293757431
319.5335731085298
309.560265515644
286.81113368388765
347.236720180625
326.80123746668545
292.23958202774526
328.9962103062663
316.45951930117593
308.81924741375036
334.3268577867985
344.7498140950735
296.07570771128223
334.53735060993955
282.48442348922345
349.1194493609495
281.8212945939327
347.7262205003196
311.62885188383916
347.4342553601773
288.7129779748203
288.0619446558496
320.3180135195256
344.21026706993337
347.0328192185921
318.7914452906359
304.67371129513515
329.5097716209938
324.5634763000251
283.8143954880819
346.0044755808026
315.13169764021416
313.4651707419595
281.05236622895416
284.56844103454955
349.13332661385317
332.51246779231303
303.40949026249604
283.09425085483855
346.40599533242795
307.2239477098973
283.0265075780153
281.00692424025254
346.2616623077837
344.6506735966997
289.6012593044286
346.21934297486746
310.7255861390458
305.0438642848152
322.58660773626934
330.09805775996495
327.01303906163224
318.2994617042725
308.52726392948
315.2687835950023
338.7119042873371
316.367496554152
322.52476036360235
281.8375127337834
320.45664892893416
294.266577064471
288.96044748272345
304.41046436440706
282.4579301130092
330.7959333434418
326.90994103253087
312.4294406152584
316.84853755147856
341.0969023942951
323.67958897484505
297.3272698215369
304.6939207834511
336.3985017800439
347.68797009471183
321.4352525064321
315.08302969470594
315.2618893073869
305.8257375739454
334.59853685945023
347.18707133225644
294.968674452087
293.93869888487194
284.94921283428545
305.2785266275248
326.9471954070494
331.0340834628303
308.84707489233267
280.0334426876412
296.80025041674804
346.66255863283607
306.29341676428993
315.359877919382
310.43298559485766
344.5499138046601
341.27662111071294
344.86672046610335
343.3969214642966
287.8982294355106
302.5734103249447
290.78199074563884
339.86361121490773
330.3056534556425
334.2562095785869
300.34266782631687
343.37380933954984
336.2189815314942
324.5666565009056
304.4895539898081
307.0436721923249
314.58054274833347
334.35318009072506
335.88674128896196
289.10910450341083
284.03234088831726
333.47514380894063
293.5506481115281
298.0174830065007
285.86166089331226
309.986218767928
322.4122017634537
293.39260447633706
345.46504709957173
289.5518824043584
315.30720724757595
336.37445797767055
339.9917790889672
285.97800862352227
297.5656898577688
332.2354520420596
314.7800100170096
348.27416882306665
292.58102720911336
310.87537838642766
333.17583999908476
318.86736582548724
336.62687956244827
283.53172641707266
321.7998307056209
314.1700800822359
326.11085354096923
302.9176239582362
300.6732688880945
285.80855446151327
292.2635935282107
292.22672566710963
284.40427173378583
320.453687839466
319.6087183847133
306.3869810123472
285.9587486219633
308.84047854211786
330.6325406056502
297.26575114336447
332.0323062511415
295.9627761404739
332.4732246411299
348.8854619636653
285.55690462929294
339.3703593578337
322.35152806635
287.0995876612744
302.1509897295472
302.7927501016369
330.34182269555515
306.096820087169
319.7008285898413
307.12226684286054
307.13228088342504
301.1807596598724
346.45082424167225
326.9247585456505
284.0321155808747
301.35960415164436
294.99954073410385
337.4293353126418
295.3051148149706
310.9623122417254
304.2728335959914
300.958937181101
307.789900332533
293.88688771790794
307.5626975473698
300.92710721816775
335.0283842579155
337.130024968994
301.2102549840253
342.2212995454237
285.5671581239698
297.64466322406736
311.25069893444225
321.92677437310317
347.20065001016576
288.6563749859915
338.0277404755031
293.91163164384466
287.1051483395249
315.51897238215025
283.8708590842065
338.7607332077536
289.8070408328399
328.96873474080655
348.5746113825869
290.49652101550976
302.57014080306914
326.6653154088684
283.86268699349074
296.8210585766744
331.59563100693845
299.534137815344
340.68027626487043
296.75099288613126
340.8219805142559
286.8512526307569
314.7776501869525
304.4252398292629
288.3218071129484
303.2419160984106
321.15367767224245
315.9514318772351
325.7915015000435
296.79973890565066
322.8794076663134
292.9306392868067
281.908282541363
328.94425227690965
311.6469268143163
289.6216098148904
307.30544898045565
311.5562515206302
314.2894814284801
293.3920442607
319.14587131706514
323.4653479352439
309.8387872704439
341.1797185570884
320.1952172639527
318.149170715386
329.4846918007274
327.978849256684
295.2116246940848
315.3929839731403
310.68870346525506
281.4716467928992
305.0712207529147
345.4130530302556
301.47478336406687
301.6144677181634
304.65496600112726
341.99522658570123
289.75156450419246
332.6456299919607
302.7018764036838
305.6494587692298
326.7804853490413
290.9979819410675
305.46650322088635
338.94377416133267
302.6228709206181
317.2182344398399
348.7685423069415
299.5435436816607
306.87823944946103
340.2368748340454
340.57520024056487
330.5317597864818
330.31863763762954
317.7813068700294
314.185763097385
347.0469839818019
326.1002198538616
308.3798222656695
309.37153242621025
344.10675331747916
300.12709140926887
341.2436822561858
292.0673210910774
325.5027398374839
340.57392558659944
283.1845246973745
329.42666598996345
346.1802191251423
296.11738890747597
326.10061643905664
311.20321776892445
344.98966724021494
291.2711310893558
304.89332828766715
328.6053685614312
333.31604863898355
337.73481550041845
343.8982440666357
349.07534668958215
297.05642915619615
333.22348349162706
323.60873465036354
334.75116264807207
324.4725736192359
330.34590479603315
294.143627135301
323.37303570425354
286.81681316057603
308.55153013105564
300.3047407685692
291.4045715976097
280.99792390661537
323.08822087678135
330.1711784153441
337.3256993430161
280.4055446015387
283.00945101282076
331.4667205904327
292.10944982873855
345.66249301925023
324.55804085971585
331.0611142678467
329.44279370267026
308.41043249937724
309.3662175673832
344.7656616915037
286.45378256792736
340.2575220194789
304.2139047493654
306.8209285347228
333.6581330447035
302.7484060502038
295.3543680131116
304.9645504568916
340.8808906354689
326.54357206994837
319.7255960903156
283.5452982136026
295.3152587764854
326.3087256314337
315.49961880150136
294.9354065984085
317.360539626381
322.412580786068
308.5437715918303
297.25324537842965
326.91695850953363
346.52117646430725
303.794852328202
289.30739989519503
335.3180305673846
283.49515246875427
338.1819989898363
341.0738617135508
288.79373534302533
281.08128835955114
327.87650192047005
320.3346099544299
343.0325099349367
345.528081970731
300.65291459202075
328.1535230358778
322.5154551609827
347.1118375625516
335.02785844938467
346.3292670105526
348.73978274195787
346.9847813577324
309.59439099089985
340.09365495149865
304.9286401172521
283.1527366253705
297.89372674529136
343.60732344368324
347.11761483090845
335.0402673315496
298.1304759716469
330.71365673197704
299.4805640220233
334.07290926466993
316.63624477770014
348.7150270666317
320.1259439321034
295.61020904538043
333.9377772888065
344.8865148633452
304.92391302238707
287.7123252943909
338.2952685860435
307.1254395282397
295.22407903045047
349.44300168095583
334.68149979408315
296.06238868249284
292.22831227621083
310.2492679500278
316.40928977916036
307.20388626162674
335.1928192268313
321.472142626099
313.4977553445926
283.2880443303707
297.1396185278181
286.96743520054855
340.05974766427227
292.7508961997056
348.60720650712256
296.01316813418856
333.5442522691057
330.62706002937006
325.59906672698764
330.9996934948238
294.2608778754025
348.4225873515618
333.36001712213834
328.6107986704801
296.22478048816345
304.9829217974714
289.931141518313
344.74878069099964
326.53722182243973
318.8214904997674
312.42133138575133
289.124589574603
337.74054655349147
285.77799761321853
305.51306808194926
346.3583051782082
297.230624357124
300.1420783253877
335.4792336309865
293.98299927878105
315.9910873318199
320.01459505258947
348.990131695895
288.09767638748497
311.384517847583
334.4938968290873
335.4185125545569
315.0413760867271
317.63300620919483
334.82851641874794
286.3778508701948
343.61448547403734
316.5061313984097
301.44353862854916
343.7063370170577
338.312255507009
298.98270749696275
332.06650573930386
321.44767400486353
299.0006454833287
316.8508404191736
340.2894108496534
300.39752093341247
303.4775971581802
345.99924556944114
322.8198506973428
295.00858763048365
300.5819379043347
311.8472896437115
321.5733330173049
335.55551939047814
292.8067981903882
319.0623337100465
306.8345759288521
301.8219326034729
337.126661609367
301.19983080543716
292.5103751548871
322.11819107846225
286.14920208320603
299.08895325395054
343.1714108622165
349.40360380096087
280.61557216016206
313.239068660826
336.7856388209141
345.22990351933845
293.5902739869218
340.0927083739409
349.84807710433114
335.5646223805137
343.8828505770773
304.20814044887345
335.66894005199913
325.7119570010155
317.50158569433717
329.3854879994783
313.4270557061445
320.37726294746204
289.2472254100419
334.09836216604015
327.37193975537366
316.3255204393163
301.0347381773058
303.9743086770325
322.0425677096913
286.29593808795346
333.06778030960476
280.26243412678457
307.7732925342978
340.5453655378112
311.4250398238597
345.16427373341946
286.6037613204696
342.17873858271605
317.83507329420024
334.3774131256614
322.4654247247139
291.1346901157657
286.2863609667926
338.5150271168324
349.6001863920806
339.15711658125616
301.7432214191682
324.90493180939166
292.48123788288837
341.30701836846896
306.5599142549802
307.71438515664914
296.652614666975
327.3957854229646
345.6578001047087
337.57788357923005
333.6529965315684
297.7262557051636
349.8498783458356
296.1727290115435
328.89727364746375
295.3772585792952
296.5061520191084
330.8852400503833
344.54848488997663
335.38149183619623
320.332549936506
284.5918519254218
318.9884759607108
347.2739752599382
290.17573713377413
325.7675109446968
349.99423309397986
330.4223669144194
323.7059923982887
304.5162092852181
328.17311853510694
331.1875431585934
285.768445087466
344.26123375366694
302.49757997568804
321.7333137439897
308.9493882752124
306.8183451364487
341.974489167669
317.423721420405
328.5576118292005
304.5871813643826
331.43436807985216
337.88036061091276
348.849997469944
308.2604846736619
321.5104684890558
315.0750902217427
329.16311314038114
336.7788134473865
319.863438632987
319.1811481698816
334.28880207556375
341.1269927279857
331.0811227836859
318.2556004529041
325.34605741228256
306.34889511630945
318.84167667705
319.2583717249589
339.61707726735654
292.8335401306661
326.46160423746136
331.4348992430238
325.9065926320564
305.2293893815424
305.7171324071368
296.7833991851977
329.1482609792586
340.2054801030554
325.57757614822276
323.0659531636959
333.251126380606
330.69460654402405
291.7748396797296
291.32266006242776
327.101979707074
345.8738572856483
328.6788887227849
348.07914887967956
297.48355557381484
333.2195190330253
281.6394167030304
309.0225040538402
318.18904934804567
317.665839853513
336.928060479757
327.6387063638732
347.8222391186407
280.79023931772264
323.9978440660836
308.41212769914654
307.09016070329466
305.9713881797828
345.7346630899739
347.5246984827001
334.85155365175774
311.54338635445635
328.9030445500425
288.51284229861466
303.44584211783285
329.6576151760574
291.83999586077505
290.6984793405066
314.4557456600105
288.78847310195243
326.9208937331224
293.97150176843377
313.9322494966306
301.16699553595436
311.6654495790121
313.48767164279116
325.6114436573489
296.6858288059558
342.4147979963766
340.855715221771
302.24994593742537
316.8917848599948
290.305990760159
316.622922878069
285.29856800587476
331.6642835135548
325.38456303478273
298.24819552704656
321.3121465953195
282.48322318404155
340.7746896298588
291.49514216028615
292.53494587832336
321.90364127403956
313.9368308197391
339.16900852358276
329.475810862062
349.5975211461226
310.47507809973723
328.94087021089746
308.90462476105256
340.28450276812544
343.4064021240824
332.47842809978687
345.2172632198071
335.1005797482216
294.732307754246
281.43174869166967
330.90449151941687
328.4060121349858
315.47061945090695
291.6595995351982
317.9695937136125
299.55884433731774
327.028933280685
297.84544196014906
345.3263800046001
326.05434972607287
300.30004164523535
296.9498835141648
329.461456325071
305.4012867944481
335.45649315151104
293.0604845006554
290.8556310461938
343.3845990342474
304.4024295144098
307.12505663904403
286.9348616086447
293.7982443125958
336.7763512470194
319.94354984295256
331.01999581997563
315.2427345157963
295.28245679140844
281.59937831697016
337.20275066368697
339.9595870353377
301.817744248013
284.87584392967057
286.55527270322597
326.3049943149397
298.27573039803
280.1279455581274
300.4022702622633
332.92293722848365
323.4473328158004
305.1965224201866
303.66864404143837
303.54368076145556
349.57804579352853
312.74489247369957
304.08119551833346
285.15074814001196
291.0835750572918
300.72608009260983
297.37189182137286
303.2777311445694
280.81882156963565
303.5280160634968
333.64154932132834
310.13928357570956
315.765054788309
333.4352038286974
313.1070737219402
333.3522664714716
306.0405717953631
322.7233067084501
330.18933904108627
324.4980337627473
339.52078484346555
308.62924651629936
293.10575525323645
301.0115870847907
325.7170098060134
349.169844400628
314.632892231435
299.96550360912295
304.94767740324755
347.57350465581027
288.2742983251349
284.819213969604
339.7788024978433
287.45435320863163
338.6035429633138
343.97951724165284
342.1734048506509
321.5295152924849
338.39599217205586
345.1488763343015
305.0526800234283
312.67974228146784
298.3183300712092
342.20626467346875
289.6748716472719
290.5652408483788
341.30654590476536
293.85961681767844
321.30266140858953
346.1436820682577
295.01553864972
281.0952656089575
329.6252314385806
325.4249569591274
324.1250923443682
317.67881546467004
341.77843335738737
348.23348960860596
307.6826800547266
334.0614956719982
291.92576579378874
313.01977128471174
335.52762082091897
326.7208037777533
291.0307278172263
302.5796433180317
316.1017704732841
297.5955846444131
314.3716570032566
343.1443392534388
343.39381063312004
305.69425843103255
288.00486069097735
294.6648049710573
293.6577444262883
291.3699106369204
346.5631367514138
321.1705324666875
334.13400693792914
328.14452230653814
319.4957013526092
295.99533882073104
290.29150315801763
319.0833645426565
349.5712188897572
334.349042424747
290.9865894785418
340.86393661448324
316.44168775558427
296.9786462002738
316.8365192652174
320.10249917294476
288.8580864528811
297.49321331506206
338.47052692908767
325.4038723387729
349.33562401928066
330.0920154404321
296.302723178621
312.37114076148447
315.9697518556219
280.46953497887483
338.79463205501605
348.8818065160297
338.3661001496377
315.87902745537986
340.8102024193274
305.60732408586347
340.6190822837839
306.7049249440682
304.396883093847
314.81559532711776
316.79376121213414
311.33226119289066
342.8458865012256
295.28786265979954
345.59790714681424
321.3418059914867
334.2328229347608
347.2392108638708
343.05234974971233
337.2629464908918
345.00326671995776
315.42534968906375
349.6673727148596
286.7766182085277
286.2337348072114
340.10461446579365
286.6774924765298
291.03315954637094
294.2509410349485
329.71475249528163
321.58756923723496
339.40289668572944
339.09298949826984
319.39576202374616
314.2685901774377
331.57458736657014
316.2623785805102
338.35837337600486
328.65906805876944
307.82215933587133
308.11242574070974
338.6453615319051
322.1647733673851
313.331462762067
294.6325073686155
305.90605054692753
291.53650511859473
287.7960014256901
330.8663104642095
288.98454253862934
315.1781254569847
348.740120229999
293.9216167807179
338.25939745452683
310.10878854380877
317.62976090057555
289.4642298091134
312.0349200729569
321.9215624160764
334.5240015195279
321.2772677654374
344.8531362729481
282.7349689770649
327.75623365218905
346.8072456750788
291.1005967662358
346.2861687587441
335.7057384643933
303.6795644121688
300.56076103129
331.40726799901614
333.2870146021705
332.63529527848226
303.2461526230588
344.61101879121657
313.0887723128021
335.996711572453
298.90299648551786
327.2054021624314
280.99051558529834
317.2125466461209
283.05658211967074
342.376179060877
345.9267934826829
286.8603969594541
335.4217246363328
323.49675967614604
304.50050233161164
337.8896944162665
298.26708041755114
284.6833215016426
338.4945074628181
290.64177842290906
302.017095508623
289.657103301867
284.4690980767984
314.24135882270997
283.72060763704576
292.261262308992
330.6444330542342
297.4633243161194
294.3330854666563
333.0517461281887
296.24861993165723
313.5786286151817
349.7767351321077
343.37124339871565
289.7608414088104
305.1667561086354
347.4603714339117
336.02004015663186
340.18353377375564
305.08633874534775
322.2177463888619
310.34817415489505
283.1199555417628
331.4612360188118
280.3079570214205
280.79897217755655
284.13628791942
324.0682173858478
280.33268294920873
308.4330860627245
304.1671783876468
307.38490031669573
291.9396544520518
329.2676341076446
314.3334988222312
301.56091694108716
331.85170725522096
295.68217552862666
319.1743629276454
320.9965626004798
289.2738612362236
302.90220237120514
321.09439567967763
333.4723758069465
349.80903623772747
286.6380055837967
332.9389562674646
332.4931047895429
299.29715614158675
311.3625521955528
283.72637481874403
348.7562360176297
288.6442387020063
309.6878541405766
337.9523555449918
316.0745169124269
311.78712033356123
302.91079991709023
324.8980378050573
285.8915355784186
336.8271638277339
326.5710687378648
322.54226772788604
317.9144091546465
320.54654818155905
335.73039864628157
335.16354246858293
340.14329307104754
338.3075612570601
329.39377250088506
314.53899267704674
336.9926758540775
294.5882849770603
287.6653818775881
346.22114053963935
282.29445209092813
340.78742679869407
335.46864809961596
315.9083063892609
296.39154513480713
295.2568020696215
302.6214577973072
328.24041147063525
280.0912408087082
283.4878672908187
306.8865478170387
340.2571545319739
340.1702179907721
299.0930885939114
311.33133481114425
292.0957078535956
329.3857169822662
299.0617380825732
290.7778484822204
292.9973245297955
308.7581926182447
294.8033853988487
339.9866758248204
325.8469535662899
283.07916962578776
314.49934316043147
312.8210130224156
291.04533728571147
289.50962624203083
304.0821141679008
309.7211827411766
295.5618292577197
309.7664727756456
345.98671791396595
326.45323659224107
343.97417310481393
294.338829916395
333.6711368422302
295.2498682540838
312.37048606084716
299.4730116350436
309.10597584137076
306.48718890801587
320.7584291207306
328.60735950831037
297.97538126913406
297.05927837212994
349.23249445107473
282.8264542766604
342.68079011888443
294.8352831921738
348.6405991270255
329.61781215109045
284.6869129996596
325.88264463236294
314.7499113994599
315.2513443293834
299.57363606881563
306.8740605716482
346.9111161558389
332.6636200724423
310.9778017487053
284.37180964861307
296.219949076402
294.09780906325835
286.3165161404777
289.48159468323956
305.8529249197212
326.1878634016063
288.57623717346866
337.4695442276575
283.10938690347234
317.4657479367958
327.75493278848575
314.3489128740572
308.72809258857603
317.02120531685864
310.2166195678445
305.8730551830003
326.52106454206864
334.06298523318577
331.2697471287912
296.20570842315294
280.032754743028
328.6711845713925
281.79982487359655
306.0798989336354
290.5574893265794
294.90576190414964
285.2764474789174
343.4131088866865
287.3462685155571
287.76606571456495
332.05178265399877
283.0264991044656
292.2013620050653
288.536605689955
291.59801217191773
316.30576255190135
322.03690796414054
345.8256964858699
349.8310127752238
339.13695373797367
345.47233595958863
280.2077790492255
313.14806277608227
308.08521910526497
339.37837296202053
341.83634178165596
336.0451395517903
310.1366551355977
299.3839092763616
328.0121302361291
303.63414550816117
296.56547684626406
313.90544432125574
337.83309307745697
317.9746576468289
280.316789736539
296.74856181406426
323.90511065263007
289.54913687924494
300.99404595497396
283.52925628929114
304.53282178071447
318.74025924911564
288.98777887605536
297.6019794048828
339.4845682671265
281.830081049366
296.9658867920336
309.2526261092118
344.01340767857516
338.79795720594075
305.4718186452295
282.01995178198047
333.46312725905847
328.6592431736004
326.0956869364412
319.0998322022659
311.65435300989407
288.82368615150716
305.71029456426703
315.09555190505625
308.36492758969143
322.5615798858069
328.92807307600367
340.7861466153196
308.6403526531007
311.3917994557244
335.7803856136649
282.45249625422605
327.25989050208256
295.44368366044137
283.9465280307564
295.9711434884173
294.1796680285733
293.17348125341454
342.95012329786
345.0408127090133
295.01790190951033
333.6378780979977
342.24334258154425
300.4550423448395
335.92667057430185
317.50076685990473
341.34739745434734
286.2793980557057
336.72978049147343
310.3597717087809
306.5114169565069
310.68120136496566
303.2130678463762
329.9650973806873
304.09149732039094
290.9022405286205
332.61585954206504
348.243659754298
301.15774166374314
284.709626013437
338.41773863306514
325.67144423595886
344.585215272979
322.837297078357
289.2781438529294
302.30649470691117
307.0497434050369
346.31882311828025
339.44120247870677
318.99809151290714
284.4125250831393
334.69131961477973
284.0135373075518
281.82921350344895
331.16995975305133
282.34264745586165
314.5294163101665
321.8325745594177
280.92505164122855
293.8118052811781
321.028102571979
296.23872769151313
284.8437054359361
318.8041452006377
328.21824253831454
284.88354826984977
291.62323716286835
321.985121791183
284.9275523404147
297.4664930987596
349.0169306016831
333.1694404503646
314.32421024118776
324.2111512714707
330.5721045005133
338.83412507471087
335.0168986358303
294.0530309376694
334.6306556765611
291.27378359167795
325.2713948038511
338.10401958234877
348.2116115402406
317.61439086842046
288.71214929953334
285.89864012964046
322.4752038494737
318.77454626226023
291.92319864396256
344.64338874311875
301.5635995139922
294.20665446454404
332.4502886506799
329.14336692678773
329.78276080193683
301.98448172460155
307.7776341633587
291.31184276667364
314.51472466662597
303.41066724315294
334.66067656976173
303.90433519198456
328.0599782078189
334.6645752830355
290.43923501900446
299.5766195622102
293.81215124818056
287.8128459826365
284.62855791326876
340.7877999653299
299.89888955803553
307.0230169595028
296.74910670038133
326.6594886220176
301.6979920927566
289.80520102381485
349.1645834811045
325.03591222793347
312.65136314067684
330.9963226071057
321.7125070468464
348.9363384481314
303.5401292829449
282.9838065515737
309.78028510144617
330.6622371304445
312.67847113853793
318.2916157290982
333.40874969738377
310.2825876370978
292.04038905975574
326.46229077885147
281.6796647691697
334.08232912286826
307.19576929574794
347.56025997705666
296.1682357255403
336.9747139505829
343.9812805375083
340.01013806593454
304.3460085096312
312.8039460872103
330.2568023388486
285.0253971984312
284.5405478044776
299.72298682857
292.35380903782243
321.51963807669455
313.8495710476178
315.88833969598215
332.8830893564049
292.8801118232471
309.57375997443046
313.8974315976352
293.1650330150101
327.2881348429666
343.7060425621196
331.3881830376326
318.0626415725333
312.3770055036881
325.9038772354402
317.13723630963517
283.292893666792
302.7171149904184
328.0662927890569
280.3619681866347
343.7792339991521
318.88831757101593
333.82801786005905
315.6547219142353
284.84389648053235
313.0418581030722
323.7363786878967
309.6073821672505
304.3671657335057
323.8183917102298
347.53980255370084
289.4206716819109
306.24825390733804
295.65173462273134
315.43954027606844
316.0964611215391
311.26255099482717
283.5282322058139
340.9504856953727
301.08370813954184
282.5642177471478
318.5441422565263
302.11494966536304
329.88628538967015
326.5352259017768
313.4161620115497
303.00174961392634
329.21442411480473
304.88772486341514
333.9327754977566
342.3446714420421
281.01726269712407
291.46875339297765
314.34793996984786
316.06808637148555
331.39576889350394
291.44677100699903
329.88247116100234
341.063257695283
283.9542784834206
343.8251660239432
343.71961996576215
298.5366358977116
325.11683761701715
305.1021269028412
347.54759113520316
330.4515574167394
307.1773075549304
303.87158724236633
318.057760990924
314.45404510793725
300.7097306283913
316.0254027758399
309.307060215445
340.10848198118623
295.1357804847754
296.8336012804017
343.6712091325148
336.92160691849006
340.2800070746877
339.57230805376935
315.98478744696394
317.1684155628407
312.53879888193046
298.07482783327333
331.9505257113676
339.80896246485503
324.0240622461721
284.6178739893455
320.53577330091196
287.71592614359946
346.2936571659666
305.9486870969566
295.55353331212876
345.0991208358505
289.4284998025656
300.14941667032497
327.7641877278292
307.8324204327024
345.25528353661963
316.1965387290318
293.85155423672813
290.4549422882547
334.6830687944896
319.8822745501225
287.728214552735
312.412146929798
289.1829640979656
325.56468838510807
342.5294292911337
294.59861602735134
304.2911221612802
299.2795850832516
300.8916562048072
315.2824504034821
307.8386092021692
290.0289171675984
315.0553696688062
341.8716212766909
288.7968503898605
332.8436542974241
346.6114862589657
320.7110143146471
287.6723851902016
292.09522996359505
330.3571933604805
316.60373395023055
282.2315509114137
292.2527537155185
308.6543828252849
320.7349090441818
303.1347140089535
348.982064170175
347.05957028645446
286.5515793899864
330.1770423701304
347.6587213776555
347.50949367588845
342.28818303019966
320.1065580485341
292.68961693288304
289.87385864889427
335.3557420755994
331.6011720086286
301.22840406369534
349.2848051703703
309.6664554796758
326.76609018703164
290.25986751614323
284.08368801438144
312.32097675236446
334.496021012766
338.82270807538646
321.05201447637074
321.5033000117363
285.10725176843766
316.6302454765295
319.48227673417176
306.1032238366984
288.81194608841844
288.61514311969876
313.57655676926584
319.1570567530793
311.1336637081493
340.9378783325503
295.9027511938092
321.6249439082449
314.78869774054874
343.74885202168684
335.3558385032214
349.6079371727984
326.0037335145766
303.71758692602043
280.35606131383327
346.5681357213504
325.9524676738058
293.1786827973385
322.1456990578681
346.47685867316085
325.2980301363796
334.9564033802182
296.3825957834462
322.5686465557361
282.7224044811211
291.02523335197475
291.81020283500976
340.38788209259656
310.74547926494887
308.60636606181276
333.5544617118706
349.87614660845816
324.17079125811165
291.6698351733557
328.8614822552115
299.3103313529475
315.92690448184163
343.2696735851673
327.3180750340471
326.1275921887945
336.0881284203246
288.91998696508335
349.74128606482435
304.80707156186696
345.8020683622742
338.592391845212
333.1434460056044
285.3917708105283
308.8861444839762
345.61946947722026
303.8590479409039
288.2222807187933
311.2235931109844
289.99601483415563
348.3663032436265
347.65179823704295
303.66070280325187
295.09361838483113
281.79336080581623
303.28736013176376
327.3235941522145
318.4987806553248
286.72702598640933
325.93594875488947
312.3872262038179
303.0851601550628
342.86151094242194
325.8064264382908
288.2510762315194
298.68297372648976
286.6776049056727
310.2423742258985
281.4400463703373
298.42023190094415
332.211988641304
286.44532146878447
339.14564389081505
282.0293945532598
344.7012427107111
303.8543143379304
343.16130932633587
344.72356507991276
304.8401681391378
346.4747187739792
308.60741573972666
282.2471272476345
326.081376978223
334.34514493353174
348.44204536841676
298.60629753919346
337.0681810424628
283.144257064368
287.61502466199005
293.7972333470715
329.2355862079661
300.27257128829257
333.09092221046535
316.063042087027
328.9876321269226
340.1365768394045
316.9897331288497
338.5259572626005
290.674977257173
285.10495581051856
314.7179854805033
345.78981832625743
320.09700569530764
307.7020317492025
343.8670092653128
339.01588463066133
335.6899261222494
303.7223625892465
328.79408453608386
335.58024455337176
316.6767007300916
318.26614586167125
336.77171798304175
307.65494483286443
329.7749464456895
343.56018050980657
289.4370640510504
280.6926422778742
314.72066386681263
322.14087144204035
333.111862701667
313.971874936151
303.2689369645403
306.53492818173606
321.3749280811721
347.01492323189353
294.83388544992175
307.4025821654994
344.2850759742338
325.12565382357616
318.78381476603886
343.1849688921316
339.8976011261793
287.57762554185194
322.5879085004526
318.6704821004397
304.89714005462906
304.4545645891848
314.3684448513493
304.46609786527705
317.62955163720187
312.8352953300795
331.09802452098916
315.1288387983915
302.985115945015
334.54227615393324
292.99171949531006
344.30115713515943
327.81656116355197
349.7563906660551
304.552893138504
290.1676917189096
287.0805429377041
311.94755664992005
317.01670495185016
304.6712676366163
339.30599987554734
299.45816324241827
285.20330458809997
288.5862358691821
315.49750180424314
290.9324975664356
291.243971359574
330.7241294183161
316.40692856678385
343.87809502987926
295.87494146870824
334.1324603253943
282.5890680971709
317.75289108121416
318.2989758583109
290.70970940598164
347.54369114039946
329.10458187061136
340.702434296778
315.6262548862167
302.73406367499985
344.7188724788418
289.8734866375449
302.3451992946464
346.24730162195027
310.13837694283563
318.74531746939925
325.8485506882303
293.4873193113327
307.36101154106814
328.4399454906023
346.8159043640212
319.4295139318959
308.8328969172219
328.8149901084531
293.7346110778397
296.4300381464233
322.13122587138633
320.0951686211295
324.8576799897323
334.000404549601
328.0195981207219
307.6058820245235
323.69150599555667
299.5335545872644
315.9806877860332
345.467656563363
343.6376638510952
349.1053597450703
347.21149452626236
335.99850835281427
282.71047713801767
321.7170962041913
336.9465022302463
299.1331974253628
341.7615382706346
289.87402889183255
320.99709091932834
302.38613499000917
325.585362203069
282.9361061797972
344.4165038954546
323.1074326708683
322.8529730961237
313.48266253311607
308.14946943128285
344.3827040987193
289.6162892661395
299.70903279087815
327.49641064404614
299.4662885313226
294.8600471360947
319.40830689408875
301.6639834278679
291.34607224272355
340.3459481057912
296.40445111775375
305.74887139178753
332.3621478773269
287.25617359709037
313.09242713992586
295.83021226324803
346.0069605451537
304.9274858498494
339.08522805334957
320.5710690216336
343.10375252987035
332.649013451027
284.49307672283373
335.0332556559986
306.016847696877
330.86691371116837
333.89401517419043
285.7969781814706
316.81486042367703
318.9886227863426
336.08159704954915
343.1049682109646
336.33379073398766
300.61736511231413
326.98783062569345
339.92168008430315
306.97202694804486
343.59485882225925
332.07359376923057
288.7910666909441
308.3534588738256
315.10919411499935
306.80701503974603
327.85660196927245
344.24312889272534
282.8483402858969
347.48145858963204
294.9720613398203
289.56893926487976
332.75230147796213
307.1099896193031
346.35341403355227
305.29677902624366
295.2920212620028
304.5940531298719
304.006013790701
309.0026268877825
311.6344605650356
346.89441789529576
293.8880235251279
289.19021951204206
334.81699625802025
286.76488846039734
286.2240800528004
349.6088247765074
287.69865903972806
328.3248380323004
332.30125173991826
325.15797322936925
297.5635854842672
329.59373940932346
323.3283490548004
345.11890907773585
328.5331005946777
314.97252562807654
298.0526427070833
294.8252419364168
280.94317199351553
286.6034663839766
319.8934885037821
323.55983041631475
329.38106110479634
316.7665743999341
339.7597025045103
290.531534048854
313.9616045098489
292.063918856277
328.1831065562824
347.1167233682187
330.253988342022
321.4568242570907
342.7382537894685
293.09724967572356
304.4167118389825
294.9238481021676
327.91756572233646
289.746056323388
340.11747312843903
346.0534984698657
288.5385214967856
345.33971101926437
307.37129298433405
306.2059931244878
347.6432263980094
348.2341401211412
298.8990562946105
309.59994413259864
311.53174293770974
318.0487218376073
296.8187451295834
348.55724241886844
336.88701231592324
313.81019247529025
318.7959834470914
303.58400852226964
293.6540624641632
314.5433400878552
295.2847187375644
292.8203761890414
322.9836793014911
349.7782178209381
282.33651436418825
281.9403604653082
302.2681427328846
298.6364022059861
284.48219170440365
336.9471587684117
314.88774542675367
328.6090115621486
329.32129547213117
336.96531510807245
289.2540336453398
295.9745612310587
306.1176596956287
295.7735522479208
341.36684184445
298.0195786345184
283.62581020498783
331.4104795319017
299.98800138380955
301.1713551217975
331.3857681316829
325.10888801972976
347.1983321654038
345.5481591375104
344.1065730745212
348.8806815088639
322.06625073802036
330.99245362102005
323.6082785128937
346.71620787434694
334.59671188170853
326.89639012641805
292.6292583706073
311.9061786691728
292.7839436388433
281.25139515063574
313.22857843877586
314.8133012789638
307.1483803842699
325.35734406025705
285.03320237056846
314.7702234276561
282.34987663325563
333.64271080090884
337.5307951771686
289.06408166376434
297.45743449644215
344.60295936497545
317.4356750797872
326.85486887129827
329.35635011089147
343.7300085207233
288.43980116522533
317.0124998084376
322.9245594545281
301.05157970196126
347.3484358915271
328.14959166487034
345.199569621727
329.62488805826996
320.420756420685
311.4688204659738
333.88194272747063
329.9026986191892
346.7171571218589
329.99243631007323
326.1969914242283
310.46835252313025
309.040664893816
303.7973590442632
334.71391948593225
281.21791351628474
333.2350520072283
288.6887411463052
302.36756536490793
288.3391380260703
285.47229009506856
305.64680119156986
299.35180400011296
328.9186250616157
347.85602090306406
287.74650843730774
340.14603042403854
287.718342301039
297.13991677613564
322.18250163905304
292.052491024177
319.7366643020798
313.02444822058146
333.0081977831061
344.87144175074945
326.2256603597153
289.2577201256998
306.00905032912715
296.8638111026813
339.49160666663465
291.4681054966009
323.0397184747991
302.9331573855119
342.750953880076
289.1513751138664
280.53650926114864
287.99405644661056
313.2538597055438
288.6809817448554
309.1782503111888
348.22751048847215
339.9300136600917
287.372026902653
343.7621033524873
298.79874005677385
330.51822396279476
308.38213785253805
297.8023831328569
332.94578992095256
333.3987964897091
316.9962807407921
315.04194836224974
296.71168300698815
345.31202489354075
334.1646679818239
339.4208051108171
331.5135870605611
292.4690505256215
342.3625814096399
335.4622086309176
307.7804400854985
343.75235274992946
283.7945368369733
338.4426926135904
316.0746115073187
336.1114866243514
281.83913236700437
349.46490948733873
341.6380033936433
327.8922109511401
288.42769145425865
314.3297219158529
314.79909022967354
310.6069012063582
289.8939642978805
310.9972035092021
324.417985846868
315.7986871828374
291.932909092713
323.10013712441264
290.1572691782722
342.4641889148012
310.3983667536163
334.6393209836707
326.6266209751874
304.8937681544944
309.2208247122394
335.30654322077226
340.4372975699942
305.4523076222076
297.6745690594921
294.5329824887238
299.4346340801941
291.0963486164364
305.3691927883645
282.0026556147992
341.21871122957947
282.8168663573911
303.40480705672496
299.8788313152211
331.9967425219677
308.0162688583393
340.7240029545911
339.7816718652895
283.1478634740937
338.6754622422649
335.73829275309885
309.0470764289739
320.2529838799521
329.9610042416051
313.34147369877655
296.38211821207955
312.8400875789329
327.7986858546371
283.34628134010075
322.60988211772207
280.7569852664589
283.92941640084564
287.75247423266086
289.24516636599276
317.7785660781741
344.2108499500333
307.22818603098057
325.73045443027803
306.48060160530287
283.6084016740527
302.06831632483113
347.5887274872742
341.45709452457425
347.34689788489914
304.6211289293677
283.9450277703316
295.96552293748874
332.9688838498307
338.0074019238706
343.67044245657866
339.4799654168572
298.5338951645412
283.8595768691954
347.2458303700983
293.13720120920595
327.0756726014244
307.84848972401915
324.6549411400292
325.7089197503299
302.2236933028681
336.1160793681094
302.0041987731767
286.0982757919059
280.15124588360646
289.48672648955153
293.3338277776199
339.3901162337314
303.3610471515057
302.83835225543066
302.8386749629986
288.67681462186573
287.1212713231759
310.77196451172784
341.5415881788126
331.9578975758643
329.0300404016838
313.15915317766246
348.0191553203537
291.2423891654875
345.37612616962565
292.0119315329843
291.4853409898252
344.48114825811996
335.3397269107377
280.4564037451516
323.1819696005354
284.09834331739114
291.7615267483569
348.50204152762876
303.7548675645077
308.3560821581353
296.72599163464713
290.78612503379645
324.4511446129766
332.25594911508733
328.96305842736683
323.1742766322426
345.0931488808417
334.41247205337686
284.78666594071234
316.4722595213099
295.3168498729057
328.79345770516164
312.82808391303575
323.1132729024343
298.83075024195006
345.58433427479594
333.2451152056231
333.9994742670236
299.6106768805839
280.76861197500466
330.5848751537468
327.79195874167334
345.01843034113944
281.4731694406025
316.45926528849225
298.7190928156668
314.5156456985485
299.04420994619744
336.3173046367918
320.44748377303637
320.7238268745727
335.3451164336414
292.3466817240444
349.3561467287861
327.6655776038357
345.1185269199379
325.2625658888424
290.5346817470762
323.1978749657487
349.50399033487327
302.79959235903925
318.2725198179629
315.43246706511553
282.61359215897187
323.60284289634365
332.88896697344273
336.45954696030736
329.8394392687486
341.00238563130745
321.15697968114915
287.89882702303515
308.02608605726687
295.8752592317225
338.00069925258043
305.73346983938166
308.0316600225912
335.41710973632
323.387598498787
348.5412951218226
299.99596864866464
314.410341052291
315.9973816913691
340.272963831219
291.09386987416843
307.6326824777669
334.64994164682497
304.10191385951356
331.0793886922149
319.67587374422465
306.6942228131822
310.5294707372189
343.4943578896832
300.7714755291159
308.92374894947454
327.72061759266205
321.4667746999735
281.21900795314747
345.7172989479822
331.8627439331138
292.18649554653786
316.84683455058655
349.58852580442635
323.425448904029
317.57506543984425
321.9123759889781
345.4716763856368
340.9147376071369
334.1684454603321
313.74715660356054
337.94857336934746
282.5903408859916
311.7742316482159
291.1756053235194
282.75218921364177
328.8651307803216
296.0320664810406
314.122567264635
346.5637344909244
310.77377839994006
325.5561956342531
346.5398386326548
322.0289610437076
291.98327021929106
283.38373506777356
288.06516509627477
296.2861507693615
287.22865191838815
310.5704034309877
339.81968822501847
346.7336832815647
340.1370600204357
295.84381947603714
326.38201479654583
337.9775232037838
300.6233756714611
347.86818567074175
299.31333678945276
282.6627807439207
280.3103493540829
304.4994154208012
313.9015780165495
297.5029062331186
313.4286196172193
344.02321071287736
303.04799501247567
345.69234385387426
288.2010998986561
298.9615816676244
308.51550917721386
329.0486888044379
292.6406566248912
322.78459258282896
328.3907460885212
314.0158665132766
294.9591836307241
330.089195635236
335.77075867811897
313.3148162829827
323.428002061209
320.47132308782705
335.24188332525716
341.99662916200685
289.0223695143647
315.3837261605433
307.40643085368356
313.8215455471874
322.6995395434994
321.56484117789057
338.84189028920764
294.0496717158622
308.06731006674903
289.33352351530425
310.9169616161355
337.90975220066775
348.5061328847733
293.27675277771453
335.2975143226084
298.3959785430621
312.54069551389364
349.6594402971858
345.1799976081208
345.64777541622135
289.3634884891052
320.0632657201232
344.4392328001648
306.4041160201009
295.8602590449851
294.5754987260341
348.16104165506573
285.6855053107657
292.76283846753574
314.00770668814
291.2558847048118
315.19545033846555
324.59041023422213
331.01238800280464
307.97616841189375
348.7612694884859
309.60235906516226
310.3525071427596
337.98592579878846
292.85230866353635
334.1390939507929
343.1340479615781
342.683808259437
285.5963502196304
308.27766125822365
290.2212833959578
331.17857038293187
326.0669407572994
325.97337615481774
319.238832171983
326.32498844685193
301.4941038805248
338.55106270025897
347.47292578839506
291.19997982286645
294.99986540476084
302.88855670551186
317.46638122007516
309.55635018200445
329.8848901001048
287.2598060755424
347.05426264649805
348.10409582594286
329.9170260482815
345.6945064361702
288.988247801642
320.93659573396485
303.2884653832436
298.7366331849885
301.3937767648189
295.2386016211811
316.8707945363575
348.9414639284629
320.9988912571184
314.8711590870554
288.6071467254255
286.95303715165625
315.08725309072906
288.6529406767472
318.47132778770737
345.5718848545048
302.60293108167446
298.2528699965705
293.92863837356794
297.07555101426215
328.81163123885904
320.994295775724
329.50679245395594
299.14885044044064
285.48609353494044
344.8024565741192
333.3378876116563
340.0470515375803
334.2746812001284
289.47542521709005
281.04983414645574
319.3435414521622
294.60241974804376
310.94522467603974
333.88247387130554
315.17023478820624
337.5831927296856
336.41080536202855
336.43792991389876
307.7579098089132
289.9475889756953
329.5370613905984
331.8733636350924
322.5405343210026
314.6020898106519
298.7745657186555
311.138675237805
319.34102046907867
322.8221607215883
319.2233620868309
306.16448221352823
311.8555115563458
345.37186028440686
299.8485333334264
312.5163667001149
310.06552423527563
303.31567078949865
301.90464879657395
286.0572111440456
290.0695527385905
343.38859771649186
286.3308359509207
346.76165685027706
343.47191126645026
282.5032904926771
295.7454598805627
333.9606885522136
309.1345111643087
322.4632394060623
286.2998122208692
323.0057802062807
334.5020026046409
296.45803782859247
327.03724110668236
307.8578580738224
297.11781777775684
315.3278779040759
282.8321613215592
331.2149219258421
316.0432067463865
318.6752239242537
290.29794094433134
322.42751292464175
294.8852893745878
294.9053618489498
294.1035219297513
303.21214848490683
339.34520753204055
337.02412186584826
315.00189292228833
294.9828828455849
346.4391298143655
286.45790381405715
309.22996308176215
307.37963495377636
312.2936123668699
307.7208999302393
303.09011504755495
340.6667506326008
317.1375237738679
342.4710898736444
328.7848925330501
292.25056367470245
304.15705215397594
282.74621217286875
346.81387955906615
304.81529844179477
294.31795994777724
290.6003555518351
337.7874797287175
289.19085273521216
323.13435486135137
314.14841262557877
341.137587964331
285.2612840618692
345.53909594792424
294.9396236547832
329.7470701087802
293.5309904978211
304.23082379548066
287.36664348856664
305.22162697759796
312.59098119850887
294.05872904686225
343.5106484384937
291.3332580930144
319.1272544012346
285.22893262492767
320.78529582698
320.1756994314844
347.25315854322815
334.08679963634927
331.28325798594494
308.58059817967336
299.0365972728776
332.44957611194906
329.9287329001576
306.0925224416397
300.7277997969187
340.7033801393799
293.9376628022708
320.4177665894134
303.5127650369145
280.10492165627994
319.9485789245696
317.1148024107199
348.70779401272256
284.44620698571305
324.6849547524611
296.571031793842
280.542367999743
296.67836822006603
342.73330804144734
291.46867722832917
332.8387612603277
307.78769899651905
301.4375948935501
328.20229873572174
323.1752007385686
328.09520000530335
294.0784805589478
323.7601737777169
322.03776474987745
342.51876227800904
311.24444721167424
340.1446669510746
323.91752581786386
325.2306163316223
316.31104284403443
338.5344904215452
303.7087944410897
281.9201207505898
303.1093393038941
348.1841043026172
321.8471560360621
311.9025260225076
293.817171773505
296.25310467776876
327.4035670250899
336.79634292871634
329.66172754414526
305.27898927796366
282.3363747988611
320.96478564117206
296.1502619644918
310.92221937655927
300.56192759085707
333.92415034110417
329.01323765276754
339.63061503180575
296.52804783965524
297.7063899979674
286.9781148988043
307.8662466796297
300.9368565447627
334.29412162736566
287.6878074668852
305.1256980839629
340.76712515061905
288.14148403634084
335.33632073550996
292.5464823018613
283.8266519682267
342.56056840404824
316.5425553597018
290.91836847189575
281.83353154279666
326.86610497909413
310.7598563286564
282.0778935177041
301.5507768879803
313.86874194150306
317.2830327769036
292.6667254682724
342.60866385753275
280.38441326695767
285.68965225200856
333.20576623269045
337.3952052985081
297.2857842635535
296.8948824584028
349.27875122569293
322.40450950052764
331.53646795785767
315.91421921846063
300.22573439017117
303.3513214665993
341.48219545897757
340.2339936438929
318.1590709771606
292.2510204020542
299.60451545586966
312.6419133903892
314.808812851529
283.02633495505853
334.03315764330375
293.2977371532065
342.6009449602967
323.66494745894505
345.310208258011
293.82186287777637
349.35762978138405
311.3367308039678
320.1718858566545
303.0475711120888
338.61582920919614
284.4588400951874
285.74293686260387
291.4356688347608
342.7955286926057
344.21963641384775
294.75907176199587
293.794811281564
280.28026686238894
332.0547450199661
319.88751353407724
294.3025107986865
281.51166083940007
314.96842919550755
328.3868628463176
292.12779718749545
338.1253333086704
298.04327705674973
284.05711756081985
315.7594937197936
349.65190321003354
288.51041581254407
346.2242230640262
324.64501410809225
335.6249776973277
281.6850310087884
349.39996362701714
305.4049612682325
338.6065909606458
283.29115941429484
344.3251909209701
309.4042927607039
335.1356987740811
312.59768805709405
349.81093439956106
340.835564563051
280.4851040802344
291.39546173953624
324.16630363261044
349.7116319316195
313.63759337080893
329.6938549006344
349.1278709646116
338.4285222950418
320.4503920304339
337.27435207987617
283.6159498757008
293.87588015301293
322.24841018411956
349.29181252470596
300.7680417082431
311.2334680881619
303.5526485651827
333.7863965026182
307.1676122672597
342.2179303968371
331.76840980634364
342.69559306367665
307.0354171752547
341.3290332460559
344.0302434488082
315.34273752286845
303.1254395412862
299.8343603722979
338.81028324709894
299.63314091325435
289.5955702537174
299.7492060004556
298.3875191020658
321.49599479438615
284.51059958103986
294.1629710395802
291.8089099434475
289.70592280398387
295.28300516654247
323.12645399434683
293.3580219094806
296.58869686147625
334.1351711630019
312.8115942629661
333.3466948398767
329.21503290936823
325.38467849755887
347.89983969803586
327.58173048100247
282.10773337748947
340.95518127722164
288.9321916116538
286.2170858599659
302.4056314560029
302.6666419011616
316.3883533100243
336.56930359094395
282.34553964926914
305.07730666437794
304.517038091998
343.9551259554784
311.77716955138135
306.7399274667224
326.4718793699876
297.0929620909432
323.6960762408658
298.7116618897587
342.71037906499896
295.17881060967585
347.6955833693679
298.9411293230601
319.6094001515628
320.7081676588015
297.26888574335976
319.6572092893971
307.4613969816915
336.2389609505585
302.55281754504784
304.6172884354311
314.9288651213818
318.7486181229658
337.48518496805826
320.54256654250963
312.2867934502932
337.41110181431486
328.0792788836236
317.31381465907316
311.79233165604455
281.22388270388245
307.51828691226217
311.13836759809465
283.3911459048152
343.262799001282
335.75348235214165
291.1415662682754
291.34272865814637
286.7391262141068
311.78684410451166
327.45794575480465
283.14527199471166
283.38369872114663
307.2176601335183
340.7663708735775
348.4458941619397
298.3493519259895
348.0543607720523
320.43230021682314
333.15147034230563
308.8555747583199
326.42050074418006
298.427240905731
320.53866902592154
312.25444140082925
346.35226687811576
315.65394767914995
318.5260470967792
302.42933104311203
337.6786502428091
342.7409908051073
313.4995712085276
348.3555397596981
330.23178033277696
290.10066549935976
306.4846707276191
305.8567217344946
348.6818132643937
280.21418504263517
297.4234617451322
312.9520823729668
325.5133887644548
303.486242823499
334.9793520297736
315.3647047197293
331.89480734441315
345.7619228392918
314.1568462919407
285.0424253567337
326.3606039431017
347.3366590829723
343.36537383038524
319.65552837042213
294.79665212980615
312.5558716194693
326.18562536660454
286.50441340206316
313.5159490132941
320.5640814866146
344.622996601021
303.93751251537265
307.891139555201
330.4981718166742
337.8748112394217
324.15889590888304
324.22582471429877
324.45081121368287
347.8366353839825
333.9922179810959
331.1448823625043
295.98356032622456
324.78057163384767
325.1442333513464
280.57767619521456
300.84503213886353
313.97577870829525
336.7019703892407
318.61226759097855
342.9161743017803
303.1386753622086
302.51685818434646
293.45742359954437
325.09539469726843
328.1077247151431
285.0100120904782
327.89288777270184
348.4193718997965
297.6632388008935
282.88334434184475
336.71562180149635
281.41223334089807
300.65207877185094
316.040527340584
306.40516370490894
281.7612851836894
340.27294827999265
299.35099718137326
299.59153930497183
307.78709956392856
323.6463506203602
302.27010857183836
339.0336912455299
312.7975914159305
310.71118938422484
330.24565467723437
327.5936365369819
301.6531680198197
305.3666514585945
284.6543917784394
300.4870171141318
312.43847348713746
307.7456290827548
305.61792352366
338.92538524967506
289.66457857259275
312.10320823215517
282.27912980006533
283.38316984155387
314.4692944461509
303.47667443948865
317.62655398796494
344.05366879235964
315.4946124784849
302.3680726153459
345.7532968996314
315.06845361943897
291.96354226433436
342.4670028376577
289.2882314072958
318.35414705146513
341.28216639047946
346.2918827116446
340.0045289092435
339.2323784947907
286.73917782713886
321.6599770700573
301.2663500783082
296.10426792821227
281.70763583428646
331.9223069978462
317.6662961572988
331.85847803912833
349.8361888293921
313.5837614367889
329.73247645477414
291.53597958207706
290.68688719338877
293.21730045940274
315.71459076418955
337.3774917424223
282.9793371818788
304.9922199145304
345.9393861959131
331.1520081307569
338.4599672241855
294.9058892741163
346.35338763687923
318.4662267778622
301.64805236568515
284.1456094213392
286.3719252574462
294.86631255632415
308.2979406784653
319.53315337021024
335.1548546089368
334.7240087162512
286.80220996155674
346.0486930758063
319.38068732572475
292.08631709987293
314.3616674370081
281.4316973191212
281.5987567339469
293.4989948666232
341.14156111229437
346.11862712436243
321.5370085553769
333.1370242900937
299.02019570849
339.63468921069557
291.6162847813938
293.88930085832465
282.85697896299286
343.9632290782596
317.73205396495695
298.03208215741574
325.1580480427517
343.6476382856116
343.03795816398514
321.06368226639347
315.5500080704123
323.1604484090953
335.02461590471
281.1985205847842
326.3629546013484
291.73102548315524
345.29300438381046
307.29971754467226
297.6373601391101
292.94144360308263
340.267230770451
349.0101990620079
314.77507044600185
284.7034348195159
291.729359173747
340.9247012979956
329.84943136994275
295.9769781156857
313.4807626203045
296.2024232662049
337.044814917663
342.68186440297194
311.61867224348555
316.5290469926799
340.57731772934034
338.6348357609677
334.6023560736459
341.8771887119989
282.01394430039977
293.5999642810622
302.343138067104
303.0284031204291
311.00982468340885
326.1425487975122
344.26251213713635
344.1260425367776
341.9545710583951
300.4806602447184
302.00826755751075
336.95933179419364
307.3908312114181
339.22315112696543
349.2208871890521
334.9693736456225
337.715428243906
304.21790423550436
299.8234763175185
348.7586145580275
301.9719928304515
293.56192977236805
283.7779056889887
337.0597689873652
301.51075934969697
290.2347478328444
331.70760461740133
310.49286392610367
308.84693620581373
307.27778461210147
335.9465902568168
303.9072293890812
314.11353376066484
330.29216046752566
318.0435951279678
316.28223975325767
296.81165051300417
348.08221026720014
311.13133417493884
301.9050822306322
324.5879022588447
319.53579064962963
344.63878113280884
298.47329559929494
342.8455158057948
299.70998315230577
347.631622647098
314.3413998554738
298.95255405284786
282.17134829637973
297.59635269703716
326.15462928248763
331.81065320690095
293.9100398079825
339.7099386731763
348.29721601831915
315.8003668532131
295.45166205168636
348.8653848581282
280.4225478756458
304.1679782730234
313.4703271925355
346.5403557624063
335.0217998320935
334.4670814423069
297.69822243513136
342.074349542881
331.4804426823659
297.8664650799181
349.35342701905074
280.288831232599
325.88660111070493
306.6755607214381
289.5326532400423
331.4231330983711
312.5428149884823
327.95793439534924
327.30241083070405
304.36716810658254
283.0010786365494
334.13902548205454
341.9888728392919
316.53981029912273
293.7893037014897
293.53445468807945
305.9378028457486
341.63676646496384
289.88120625628244
324.47329424931127
339.7267446928027
330.5378289441393
318.8057002354538
327.382602416126
292.96922509992663
292.2048129160541
337.6528072386132
309.1145474859374
293.8757956253889
290.3278428101404
296.45290902535845
312.25730704458107
310.65122022084404
333.52059285266245
291.37463571527013
280.1676623438288
324.0059440011866
327.433989030307
337.82908044657745
281.83134783671096
322.0978669900857
311.73787680728765
315.38017737411053
334.09993363933694
319.2212219972051
308.6637472649756
320.13103430099335
318.3206857637792
287.53319546831733
295.0616638481023
280.50421205097496
315.4267648891948
304.5911605146984
307.84833273758807
349.39388083656365
344.6195340670121
349.51908113809327
285.70609355485107
301.9147013190767
321.21204661873423
280.7856483039564
333.6396608693525
331.2162134749466
306.44217938268366
309.22505853138085
309.3107525379561
285.564976062317
343.24763399925575
317.6987365816954
301.2248377735865
328.5943655151275
300.8260506368603
330.73038929960126
348.9627348939831
325.32350846598933
298.6850559007557
290.38356179502426
288.828997277717
319.4314834102513
290.050595396563
317.17726313782697
332.1256988674909
311.9624968485035
313.4442358302636
317.3378492812813
328.1783158630258
323.42296921479493
289.63018962540264
328.83246951741296
281.44215800334143
286.5291308703408
336.3487418134708
344.50454580530044
315.0039076272767
330.6149942533757
313.8551020764008
287.8889691840708
332.31882238823687
303.70833464006506
303.01957296862304
306.7254860513225
298.83287797576884
311.52108838847954
293.60783081542866
304.0449443105786
327.88636283760883
305.4736629083962
303.5689682455902
293.02032077111744
331.40612861776907
340.07075565193014
303.3633716679249
307.8539751340202
315.11254153365604
308.34473100217497
337.98734384386336
281.9320526092412
310.8228440302656
320.0161789988918
316.19102137441183
349.0780484005652
280.418293555152
284.6134390958869
288.2101194691507
313.66982481771686
327.62019651003135
335.89939071404604
305.79014836624157
341.18410318937765
307.5832525407121
327.4769941102891
320.3966516509082
337.19465305043633
320.28513106843445
331.4348633902315
315.50962079530245
285.3890427029347
338.0978261219958
337.56046751562
301.04487806106187
347.86778395107024
343.08128286933925
341.9731502815385
322.846503739233
333.8053006784245
300.1189691929101
309.5865822427731
341.23299192639536
291.1271985754589
315.6059351382583
346.0639003309476
296.18699270971905
335.64920535561464
318.42560808110807
294.8663846154591
339.28192779542957
286.8113935313513
310.4223936486292
326.97745901441795
314.2220616525222
292.90609094876396
304.34096712361037
282.49183518053917
300.43643570890146
286.7126941304996
287.01590119615565
337.8893805619439
325.66085244307834
347.403067261513
307.56323652159307
340.2054536413398
338.7016840928178
287.71971971371664
290.14542310571767
300.3253649146576
346.26010846963567
339.33512546924163
344.90301034412516
329.01957953895334
347.04367585948546
335.4191296612889
321.2778189636026
303.5479451842785
301.7040359058102
313.93709751916475
281.5562791352893
305.94804326616907
292.04344573653873
337.54618850774517
298.63026448783216
307.6254643121598
328.01290388265215
331.6114798007853
313.75192862083986
327.96788550177985
300.08485572330505
317.37290194205355
330.18127039887156
283.07896522217476
282.80158439320184
292.3592579683441
290.36817127294654
287.4305276805501
343.75907881346234
298.9016107821567
342.69411482326143
333.27049782762214
329.8762393844694
302.15890401319353
320.0645570392201
289.3394693469861
316.1839335473197
299.78626923619544
344.3756754476086
325.0948983451466
327.2931700573183
345.6851888289882
327.35133724032085
290.1886453382798
307.21980447751514
316.5922031390641
347.4259908835121
347.807451524071
331.08900468662273
310.9798661326768
337.8343666103391
293.207023398656
320.7557477730269
300.84509212917493
290.37973502273246
348.0718661137262
316.9096474055474
282.6995710197124
341.8089724537337
325.5981616414111
284.90490944777065
305.58780462758455
311.7903427562901
332.6763260802534
344.34074283324986
330.6471037862406
328.0532123764897
294.0524594119597
298.8557039216808
293.1653637126082
333.5481496901385
340.1282809234785
300.42045632511815
338.17825193907703
339.9451933494793
336.95623033240645
328.57286624444663
339.1881034171991
341.24039782504343
338.3778126021367
280.33189769715665
287.4811110082125
325.0402247744606
319.08348382896713
342.41301624702237
308.6822680311809
343.181967016198
294.34318816044214
315.6363064365618
302.4964517436022
332.83739583991485
299.2939417177677
312.8856680391009
306.4328817639677
343.08440509980784
310.34784208046295
302.23904885101354
288.7721506931884
331.15278532559205
344.4089646122386
328.3530138138127
329.09954437521344
336.2292141197121
327.6977203925041
283.495445506081
329.96796083070274
285.4245396165229
335.42484242938633
287.870265874174
311.0389854755518
310.92441499991224
303.83318444975953
325.3195386155858
298.412207213201
339.5678831282738
315.88052779542835
339.23148287138685
347.0008250483695
312.07251200443113
318.7661313671962
307.26676086453205
281.2157892356364
304.33626855577734
305.91714007392466
305.4547637604939
283.7517137283492
293.95934436177845
287.3250979517193
291.8030730765983
290.501479050639
346.80458495048845
340.3522535606876
334.0584042939828
319.48816543446503
320.41985349976443
341.14367846989774
337.93778416576276
299.95867951157567
302.30815819668385
291.73942416671736
320.03805196799874
346.1607957798624
294.68860397474987
339.87213720595815
346.59988908281514
347.3402750677356
281.9015112926372
340.99946652347427
345.8144176822725
316.4415238391777
335.00816555704114
290.4740330475911
348.9399663807875
328.65499158420255
312.135500566574
303.18693429380613
289.7625102871659
285.1473629976123
336.15116671704413
348.7800480880653
298.2024017249831
322.61490069120777
290.63769299769723
309.52831877138783
289.05315147521196
321.60392122750613
321.360364990323
299.31349414308653
328.00590160879096
283.0189305961981
346.41532001797424
284.7621485108877
291.90209333927817
291.0701745895372
284.2612811376518
346.67865959473454
321.93475762517335
309.17139434520317
286.2331256614594
323.4372850368061
347.5328560428826
291.05096143762995
303.5206087844074
324.56118162370336
319.2268346039469
326.3376631557308
324.59640866571164
286.1720121903523
349.7400079238613
285.46059671174794
283.07132205238736
333.7499995124177
282.8803455003287
346.86746296656503
317.06902555930066
346.94563692338625
341.51663181411413
335.9822531860927
329.3536021201974
340.8239910721711
320.87567431533023
331.78000265383844
292.9164041910738
324.0964168730155
291.932726753793
282.1747599639156
324.7141668382672
316.81412550602596
314.21190584776446
326.66071668904374
341.5596388299045
320.54285715881457
295.16465575859735
309.4357094270404
323.49209914546896
299.7951893146441
306.2353732004688
318.5313555429365
303.28544288166347
303.0342739268665
285.0895365233611
344.21847550517555
312.5203230867028
302.2808078506802
296.15539811059125
309.03858538056863
316.28925485766416
330.2215177605956
317.17984542317004
345.6224333488441
331.7632851839953
349.0340551581046
324.237397882146
328.85849721835496
308.81842848073455
347.583309073645
315.3958137131407
291.7038873082007
296.1695546133055
341.94050261556913
318.3193612791774
326.23549485696685
288.35419241647224
334.9301478716315
315.44604500361083
282.5342430884884
314.99437110739484
288.4776372649013
322.39203732789645
336.11474548724146
300.89464950857786
287.44393915309064
284.6882830865002
303.86026550810806
304.46963401138737
297.16008792206276
328.8129798215078
302.94270989173754
303.54682544725813
344.29739432307053
335.5351162878272
336.28433093087267
298.19260430809055
320.20966363341205
306.114132531382
302.12297894502603
324.11051635246946
343.90339367038524
347.98759592424057
337.7492642116792
285.8149307017304
295.2967829866042
290.67560587134716
321.08072836899476
302.3078940443492
333.66204902268
300.00187116582515
325.1530208947586
282.9392238365406
349.29043961881285
294.3345887202046
335.34750543171714
319.6350715777096
342.8141208817856
334.5645359731638
281.56840192204936
288.08800229511615
342.65220493491125
308.9666067229042
308.4449000692574
289.5424470028197
297.7781036323366
292.93343633598016
283.2362009851191
326.7081218009178
298.3405011910343
326.51549145579304
330.63322244306175
291.1989101607894
326.0885136505604
293.02780911727837
303.49785847455576
295.62081878979535
313.336501776573
302.4472207762365
289.1441564173587
329.2253497504196
346.17832824857817
305.39799934717524
345.12186665261595
323.8133602267751
330.8543561665797
315.1232038366441
288.82716467661385
321.12224139765533
309.27055297846323
294.2463031779443
300.0959837804748
288.3321335407478
349.25826817399496
300.0145179382282
339.1787311317806
346.875978278288
318.139404287947
286.98163754754233
334.1558459203321
304.37619233411834
329.55970298693114
326.51307124494326
343.3676993195287
299.2842461248126
327.71185040473443
292.98840009713473
289.4970838759959
306.93332166459646
295.32651642913817
343.448410212544
345.33311116119313
290.23016896124545
326.6703959977645
331.99002543806716
304.9184241801808
297.68665143212337
334.49022537372934
326.74002697343195
325.1280109861867
345.5287384377061
320.91907030255555
306.3607691518051
331.57433449459853
318.49227379087296
302.4916906004765
333.3029701213465
335.0857857704501
311.0625512344618
316.84783034259556
335.2426825608253
298.71335910185854
310.95378951649326
292.38107965583066
328.80725663737684
321.59754366919867
307.6730102426517
310.6072731912221
331.98474217059515
335.71276972354906
280.7100500959617
309.056937539226
305.96994273583397
314.9568282283919
286.34105480546026
348.4639127372094
334.68488943467287
306.7319739107462
301.6265711609835
293.80484260082505
319.9311974666198
349.121943758363
301.7869688176828
318.85718944751784
294.97495323623826
289.9630805495867
321.1344762935422
281.2008095345215
320.17618206844656
316.4582608110902
318.4422421544317
312.7481414327774
328.7901188539483
339.76749508067206
295.4427554904135
329.0974896374309
315.3706958149579
288.61651328518775
298.05101486052143
345.5491730267094
309.3431724680299
294.7434733298202
323.27298081824756
328.89412176916653
297.5638192925206
347.1026021038016
331.8658179166248
348.7684506835426
304.701627979954
306.7529984258772
344.6473116103248
303.69297454801733
313.10649129461984
319.5914746750563
335.6261263608681
294.5252908943481
316.53019102677
317.0482207513888
293.62670421556555
287.4020946014398
310.6351366234758
308.21693064314525
284.70573315039894
329.2562056705656
321.59307349643774
309.0183154188359
343.251860973599
342.17528701759636
335.3360963185696
303.1498721417
334.1998184742524
308.78825465345744
308.17784405227144
316.47646431671376
311.4446693458194
349.53912255731086
300.06266091793395
313.6963900954587
336.6465177445264
302.3249361473563
320.2661154242915
332.8357416363217
311.34669136984587
287.93097021938695
339.93870272120665
332.6839150289306
322.8320130952198
344.25251820392987
318.5296650175892
303.81501786569817
308.1006111907669
338.78278522859773
311.5717705668568
340.4214503794501
312.3115265425273
320.3956635873941
305.8520770649965
294.5024063933473
326.1472711598393
304.7113835969669
333.6467712672555
323.07845540418344
340.4873690685773
305.25247471762987
311.46798181105544
309.95698579342195
333.3176648076387
298.7036477333092
292.7558741349968
284.1008990563701
345.81473682187686
336.1883526288051
313.01268321525225
325.4608157803159
335.7886417004072
330.8360697013466
290.2896422111993
286.8374260656849
285.70757631331503
287.0372715641241
305.5791722344445
324.85162130566846
342.9115868860322
331.8328392885564
343.35410866563797
348.03800921871016
280.7608926035987
283.23026740729455
339.3527806045467
333.2566038631148
311.8131785428639
342.70171422775934
302.56533718744214
316.808275608781
313.2901643811219
331.96789729947153
292.8146542444803
343.7623667986331
339.033968242197
281.05687991768866
327.75850721780535
310.6770966202696
333.7173039507546
310.471918466841
346.5385293401474
297.916955716805
335.3882045197553
329.8018003855576
318.25741039082783
337.2629056802452
324.56870714265347
342.55734057167547
284.4371130151009
314.3870881993758
333.83924917866227
344.4397725110214
311.48933162719345
280.74558668059336
292.4661451689671
280.89111446524026
305.70718779978085
341.3618875869955
292.16798115399615
313.3687512744854
348.6728641132245
335.748456841617
332.6111332899338
313.1404763346988
346.7283660559524
342.776781046342
343.38714529763877
308.3480217103484
299.77831474090436
301.08040612746277
312.17619749962086
332.1123703116445
284.1765586036201
310.71298913989
309.18290321469846
303.4147890603598
348.3093472847132
284.17300166916675
318.57969650924144
305.4656402215664
288.0322881552369
294.74782358887643
343.24611530057325
346.2092182152659
330.3797383939534
331.5234662778432
341.6831491305459
284.64979060187517
329.7450976546763
335.14126906792023
315.05849681066434
347.4038015351572
333.25326957785643
312.5204279167006
347.16254348318387
305.1525654073534
342.0153133926878
325.8899606362825
307.38984628576173
283.3595477657324
342.93279530325185
306.3065652740801
284.6930428678618
344.1944020997263
304.27129731475674
320.5706738164268
299.8045059899699
320.56518375578617
335.02296477578415
306.0060077357701
332.2896305219391
280.0553202502357
344.19945737798867
293.6815612714826
340.994420893591
309.391465771589
326.7821379620223
311.96626993461535
289.1829802126335
298.7357294578226
344.4171081759966
341.93232517768814
327.3838445129153
342.43518462947105
339.87669554341306
337.06651734667054
287.55999418577323
303.7473247529031
294.6995032294778
327.9515783582703
312.9114393011033
292.4725402142551
286.868045229588
303.95399543278
317.79566203177
294.83517119670967
326.6935859458689
309.9786959007835
345.73758962088306
338.15477670255154
327.6080338020379
340.11247007801427
293.0808068449665
294.2014731398697
327.3756268103156
287.47922874833245
334.2976879345247
320.46335392506586
288.2527671586867
297.42046516089937
305.1191337957387
327.1323011436816
323.3897495456042
327.5304635824326
296.8415985687958
332.40369769091797
337.2683165371453
325.64842113408054
299.28562979810056
306.0272293722076
284.88372988313597
291.05683262126695
316.77953838373503
337.26264606933
347.3392234221053
312.027019302984
302.9065466239195
337.3234302790884
340.6603474398438
319.575587449489
303.0826202251862
319.82745191544785
328.6865195627286
301.60344731340615
304.0102038799984
300.7979684040506
302.3536234703645
338.9170296171289
344.00993393331
301.8711879334328
298.8070422724864
347.1029367600234
335.8571307308838
302.53802322708043
332.10684309078465
336.209610189178
344.9736781563214
341.29473905969076
330.59952609101214
292.096074186537
343.1386703714421
336.5125181361295
344.11626057595277
333.7683359807068
334.54254812077886
288.8058558330496
318.6529328680213
345.5306889944861
304.5797639454535
342.359811549798
325.7827921442769
315.56217852578277
321.48651326371976
327.5810706270357
289.8180380610835
319.40320793127813
284.8952077015279
323.51382046197483
343.7021974031883
295.2881681996915
311.08767675171043
297.68590957085087
334.6302300172968
344.6184694488793
344.3863981093026
335.9275637730903
286.7954131911546
342.2250626069914
302.80116195961904
309.30352437560873
338.90361010211643
282.6601941042991
313.13375422114683
296.8944681292915
304.78399633899693
327.99130289004466
338.1534233245179
286.85368073491117
331.4579359852829
294.9782921006415
300.0100243858242
329.00252468712335
310.01470533669334
324.25003782853105
329.97133989768776
348.9015512807924
322.202032049629
306.61936071637126
304.059093522992
323.1468974535698
302.7808051689088
293.794216321334
324.963343505663
305.9918045776351
331.7072016069126
280.0384041352383
337.3806311361794
325.4341693397856
338.7465047149665
306.2726749021411
334.03040827568503
284.50267022744305
305.69736535918616
317.0347401876159
335.90975455094286
339.17951636994366
337.12562999101783
336.9034076933813
302.56878414423585
345.7060978872485
295.9098331972871
320.79657117228163
340.93215483212
337.4931634797241
326.06376722204874
336.5086053706656
304.37124419489516
296.6594845532791
284.5446537996147
293.34194965312287
323.46490395696134
330.91024891182747
303.30674874868396
286.96064573555276
348.65656737395756
314.85734840340456
334.56922791909597
296.4713607445658
341.1165303834631
296.19101273190665
320.88899203087846
302.24366325978974
288.8914801946617
345.1121123437874
295.4832985925187
284.46962491567496
301.47241842655893
298.8917716096944
337.99315996130764
303.36384607450657
283.86062398701443
301.71101153739136
325.0999073582893
315.25512498376514
293.81832057394143
334.428128251312
280.662382203026
291.7854092439408
338.7346189326133
284.91353550091605
341.21659434987015
326.85397600268294
309.67378323943115
322.5399436327986
291.6460402787377
283.3538722519652
328.9763633566059
302.22658357932255
284.5065879065793
299.1491475626303
317.08857868049375
307.63995658785245
342.2930519371208
286.87190692603804
297.76232229844055
281.4695471942423
310.57761897385694
334.62136498671316
304.6685281161268
338.67139410481565
333.1530636478412
304.71886805561616
334.0947382964617
306.3352888634319
336.3974372365858
292.832859047545
326.71428268518065
305.78316178585715
284.0041573791195
323.54338313973733
347.8844452678005
338.72498988485347
290.9736393044993
335.9014441693804
288.8834883437421
325.3551237951137
282.270403091908
331.93993221390156
305.1528328504515
332.26873142373853
299.760752361611
314.6420508647804
293.47737693020815
320.9125885750843
319.7026741930835
295.59386620924596
333.17115887610544
294.15685295428005
322.4751124979078
290.54274176610835
328.65916413930034
313.6355649048241
334.1294497361404
301.3787739253599
336.4796435341874
301.83273090668575
349.5296917469217
322.4036925701317
338.03667789614656
296.61609842533187
326.38239005906973
302.23794816536565
305.9295801392432
302.3423609799192
325.22897727517034
330.63112260914755
331.00300675121264
327.2418811237169
326.88393494633993
328.5198788900623
333.3549236469622
339.2253695594992
341.75784982814
340.2798139405113
329.10062987171153
334.8486863640172
315.853219217757
312.3502239824303
299.59141735210085
303.09590399461575
333.0275681993837
326.0936200765053
331.8923715357531
332.0376231002967
327.1332952597363
294.09968833428957
336.3019078754032
304.70153276097614
315.23994366107195
313.3515052054886
325.7217443326832
285.64271995095436
319.7104859135644
349.52868729098606
315.9860772347602
315.3986549758904
307.2083878922522
281.38446931611554
349.08792644831857
312.45243248545705
340.3522785715102
312.1474411727416
283.04033833531093
282.5126159770929
334.7781989600662
301.8756444262798
302.59407884598744
315.6557982596744
306.7065462873229
283.687981871102
309.08439842908575
335.00932584805355
318.7218585329224
344.414970911982
322.30910780547646
297.480004442902
342.3866692067771
333.30187240791105
347.4798565474926
310.9856060504349
342.1403708833189
301.403918406462
314.8908679916715
348.4496359181194
340.06366525219374
344.63508427672093
294.56713981022267
294.12334544478495
283.16204248498565
336.31290087372787
285.5428837543394
325.78388298638174
338.89090021566153
313.8249159272906
297.789583087469
298.9687069198171
313.3872262186097
345.18067058204997
329.63727102741603
280.95898650061946
287.4892959527354
282.6600303968854
322.4373755169157
303.4795911944052
306.2776899493208
341.2004695183299
329.9148287885153
285.2307959137799
335.18892557955775
296.75526234108554
303.6542064157327
295.2578957288186
307.8909797479141
321.07223589112033
338.864001581056
340.2668316254451
331.40608028686324
282.8611108390268
300.61705441064146
309.04293560708356
339.4589637917418
295.83090783237935
324.05149893124496
331.1364180809803
305.7494463504166
347.4518445808563
337.6664125881469
346.7506051744009
332.612376615272
316.14554316567353
307.8994615257543
283.6419446932132
345.71227164814366
325.5344336182842
330.62100489856107
293.59257649552205
314.6549822010864
317.8747554990853
302.2887837352854
291.6301387388007
327.9564704308096
309.59165825109386
329.77069770361487
347.9451866084513
349.42213863845654
294.7637967896699
299.1185943134447
289.8636504397495
349.3612327286621
298.5416034699235
338.4108207108296
288.28210740683386
288.5071647611881
305.99322197121705
336.2434053917725
339.03042917861933
292.9242215061276
308.12730974981935
332.5395030727125
313.1878928324995
310.42098689066296
325.97525116193333
334.73745752682714
289.9565238067098
336.27908663289486
338.64030238518484
333.74148635518566
281.6247237686229
291.3401537787593
291.59787638295626
289.9959654525564
344.43632793443356
341.26437667410346
297.3685711227528
348.37185440050064
345.43583838426764
320.87050473776844
330.027280619441
321.8080935190375
316.38070924818885
326.0007216571051
333.308032106095
311.05544982996423
340.8517419346653
343.93445783828304
337.8193311938703
296.13270351755375
330.70664381727033
304.432350445353
310.5227417035538
342.43132226657747
339.6649605201276
317.61678118324664
346.61433472150804
309.1973182128113
283.6044479985363
319.4428735290255
292.49518604910304
280.68822881299644
341.0469266053732
306.42843308749553
287.6342271011532
290.75598544993875
340.9131870344917
342.166656756418
317.3146196815276
281.1198879199085
314.60964234500614
339.4482356515221
294.20996836451496
306.5521843184056
330.11556291265254
337.5436968011546
338.6064478348773
349.1389611283706
281.4271264833234
296.86792636928374
346.9829931950858
280.92058877092245
291.5155172504926
341.41540988389005
349.5015787854176
317.3889097645849
308.9237304940529
298.9665368976656
299.50791531822665
334.6533778888668
336.716293031207
317.7823908153709
347.77799385231464
293.97675849645276
326.197700920123
316.41869619845045
335.79432315989726
316.7264158748077
335.56097260829273
289.09849650044373
320.9859321121957
323.0833850742873
346.34468567224945
347.90047083397764
347.82654530499866
290.4469406024164
328.80600061762505
301.0956578540646
309.4139416816404
339.29832520117685
313.023119287699
310.8152822671115
287.2424316472171
337.01491998918607
325.3757578612695
327.10209258831753
295.29255003585587
306.63929198885637
314.95478844080054
317.5881583305646
325.12995767077666
315.5591040721137
304.37867820187887
298.1948476222663
283.7879677804517
345.70953943757127
319.2821598324392
294.3645070169989
292.2992252591411
318.78027474255487
336.153277207629
326.68197621066406
328.27238674380874
342.29947532029456
334.13369175021364
312.694551145737
309.6670553085022
322.6096113572024
339.8053112908205
322.43241650414814
308.1439587990442
287.02484403339804
331.13946910887984
315.299846565726
293.35850423241715
316.4584781178421
339.9628795769277
345.23376341731694
296.96945956507716
337.7024303247325
331.6885814996311
295.83995997244205
316.55780779026765
306.53614721017635
335.9600873362924
329.38914151426593
304.11410044642207
310.81391649949427
333.6846464957034
296.4233808510591
299.62343662199004
310.11786671658905
308.8466384229873
341.3773120367001
291.0856297953002
304.5704532204755
329.2169404797093
344.4299948059985
282.8582491541958
311.23820736765964
318.72308581607683
334.34388820369895
333.28578415443064
308.45267551964326
284.9799933437658
292.72012520863836
322.3583621655364
312.8873688132852
287.04896279504936
345.3528819201061
339.52747365361523
340.7390566663749
345.63750137791
282.88631117579143
311.31202791570615
316.9490481649444
349.08004024012075
295.16152294100306
338.5191953429378
317.13627368944015
322.7643319967833
332.0843365770443
286.00589131275757
320.4846186105177
319.2541565337327
313.7039183738134
280.55291567252516
322.2923735398026
290.45320128277416
308.2282348502957
326.89670776542357
349.0297102585529
339.77761597745496
333.64394709750275
344.12129704803596
329.69992678200106
324.52738676396166
293.9214245932662
310.19065605884333
326.82909561325084
331.51783655597296
300.7671418544353
287.43815691723665
301.35785176167184
324.09040507225313
294.78262678312905
286.7486330120071
307.66512089384355
313.75864422770593
348.7955986657915
330.02901986484085
294.9830542871146
302.8016556725502
348.6999369532343
321.07420942803054
345.31829241677696
347.43820843367575
289.91908239081664
327.76202505362374
300.6705588708687
349.41628036115526
320.41783112396774
340.03406879754954
307.31919121185
338.96754171244623
285.83530227871427
285.1001881493602
339.76966026954454
340.10275170367953
317.5345907261354
346.52433510404006
290.523453061571
296.93265100980324
292.87572706822135
325.17671669152844
301.59969808255397
315.4608080557727
324.755677059272
339.2540452559658
340.1692919123721
293.4942101591531
334.1001131766152
308.4460714138005
343.5359461270567
347.8755582064335
307.70892020588417
308.586937919669
324.0907783733131
332.90517732576984
334.8209218785912
348.0155329001267
281.9651502518845
328.03028376414767
287.6084909645609
341.17735374709355
295.45559835241255
288.9620680631262
324.8815039525223
303.61850668139243
298.7926729226085
327.8017626733692
286.6054277941227
322.7411104164004
319.70434569258356
283.5222509521584
294.67033005192116
303.5125474314858
293.6319896014601
303.6561352924941
303.2297180706458
297.8268684076895
288.1456574289787
284.63209085313287
321.16765635795434
285.1687019998768
331.18029132927967
339.7792284557974
299.29266980809615
332.33555443395625
287.0622925193125
291.2198603451441
294.2024363552467
306.71975088029575
292.9980858084384
288.7164725725669
325.1825120248375
297.2398668757696
336.54499860480973
292.08087313402535
280.4572472374106
299.11911528421183
336.3038168015731
285.5989518706314
282.2480740156807
345.04387746728673
300.20513245031765
296.98699352111646
300.6439880502727
303.81805706734997
285.7185434686642
290.09262838839
282.03059967916596
317.2422278476513
329.17119498108735
299.37256911423776
340.54559170742334
307.9277720358731
323.80748957427363
343.1064539246514
301.9641458133028
313.84580110273635
286.223651064671
291.5694165967282
298.69384766760635
307.6623920387864
325.1586710149691
315.45344407174747
322.72736563071567
314.4561406188559
326.5860719801335
328.38953125851776
290.68360526933213
330.2803207102056
304.01082446924124
322.1668270576891
338.12563197944394
342.40795945110807
309.718570020472
345.91345206324536
338.73103065693
313.51539392822406
307.61972860585956
320.3183090637305
320.76046141901173
299.4219855583234
293.0682905528732
309.3637735399617
283.19589886404793
322.24167140770106
314.1005314478086
285.0179962985146
281.07177934709756
315.0484791175497
295.4161447248341
300.62425497902115
281.1136750770196
289.86789394537305
345.1751423512727
308.09742146142287
316.321355118524
347.74880704302126
288.4907390631331
313.808559729371
334.5832349087376
322.642157605108
342.5366277576833
339.7270152438935
292.7015128149062
321.42100830940564
311.2760253347944
303.13003582970214
295.44274063426997
327.6276028760067
281.77225447811327
335.2856039510573
297.5740925390865
281.67875774732516
283.9192257731657
316.9900285866127
330.0117017412149
335.4067927965386
311.31739734162295
334.20808402434005
315.4710474083973
318.8709022828772
309.8502211363891
336.42260220603214
313.9433052264494
318.7794554747325
299.82317397650314
285.0054259717817
280.76993166770586
331.1872643596238
338.6939528009526
331.27028376359675
304.58560858313547
291.3147225171325
340.45429317344036
326.21961901911305
303.47422782641297
345.72092254726715
288.6977054514403
312.02137753194745
336.4070715146396
339.6093844121696
295.2887459595192
319.19501270790744
296.22184185933446
312.82539345356713
292.940976609356
332.85142691785956
284.90454288334695
346.04622002445035
315.6616269841481
304.0157964022455
318.42094734832386
313.4655204934071
306.39433665202023
325.12105127190307
347.89625739081885
338.5025821723764
324.3065760730155
336.6156696030056
323.77473242751984
291.192967910981
335.0850911760223
300.07053896665104
307.88254370369805
335.3490009130539
291.3629184869063
292.38282225618275
289.186047026915
333.9133141465071
288.77340327848947
305.79961064591464
345.12252056329316
313.15778849305144
306.128611925843
298.85461264868746
342.45015466675227
317.9876531702973
290.5901985669743
290.9686801742894
312.7579965870564
287.4491863125419
329.6296100307092
297.4296481965578
314.3401377661558
302.17868727428487
294.39611836356386
